2012-08-01T17:05:44,289
2012-08-01T17:05:50,288
2012-08-01T17:05:56,272
2012-08-01T17:06:02,265
2012-08-01T17:06:08,259
2012-08-01T17:06:14,259
2012-08-01T17:06:20,251
2012-08-01T17:06:26,245
2012-08-01T17:06:32,245
2012-08-01T17:06:39,241
2012-08-01T17:06:45,241
2012-08-01T17:06:51,243
2012-08-01T17:06:57,236
2012-08-01T17:07:03,234
2012-08-01T17:07:09,238
2012-08-01T17:07:15,231
2012-08-01T17:07:21,233
2012-08-01T17:07:27,233
2012-08-01T17:07:33,229
2012-08-01T17:07:39,233
2012-08-01T17:07:46,227
2012-08-01T17:07:52,224
2012-08-01T17:07:58,227
2012-08-01T17:08:10,225
2012-08-01T17:08:16,224
2012-08-01T17:08:22,223
2012-08-01T17:08:34,219
2012-08-01T17:08:40,219
2012-08-01T17:08:52,220
2012-08-01T17:08:58,218
2012-08-01T17:09:04,218
2012-08-01T17:09:16,218
2012-08-01T17:09:22,215
2012-08-01T17:09:28,221
2012-08-01T17:09:41,219
2012-08-01T17:09:46,221
2012-08-01T17:09:52,220
2012-08-01T17:09:59,220
2012-08-01T17:10:05,221
2012-08-01T17:10:11,220
2012-08-01T17:10:17,216
2012-08-01T17:10:23,217
2012-08-01T17:10:29,216
2012-08-01T17:10:35,216
2012-08-01T17:10:41,216
2012-08-01T17:10:47,218
2012-08-01T17:10:53,218
2012-08-01T17:10:59,222
2012-08-01T17:11:05,230
2012-08-01T17:11:11,218
2012-08-01T17:11:17,222
2012-08-01T17:11:24,222
2012-08-01T17:11:30,219
2012-08-01T17:11:36,215
2012-08-01T17:11:42,215
2012-08-01T17:11:48,217
2012-08-01T17:11:54,218
2012-08-01T17:12:00,220
2012-08-01T17:12:06,220
2012-08-01T17:12:18,227
2012-08-01T17:12:24,227
2012-08-01T17:12:30,223
2012-08-01T17:12:36,227
2012-08-01T17:12:42,227
2012-08-01T17:12:48,222
2012-08-01T17:12:54,221
2012-08-01T17:13:00,222
2012-08-01T17:13:06,219
2012-08-01T17:13:12,222
2012-08-01T17:13:24,223
2012-08-01T17:13:31,221
2012-08-01T17:13:37,220
2012-08-01T17:13:43,219
2012-08-01T17:13:49,220
2012-08-01T17:13:55,218
2012-08-01T17:14:01,220
2012-08-01T17:14:07,223
2012-08-01T17:14:14,223
2012-08-01T17:14:20,222
2012-08-01T17:14:26,218
2012-08-01T17:14:32,220
2012-08-01T17:14:38,218
2012-08-01T17:14:44,221
2012-08-01T17:14:50,221
2012-08-01T17:14:56,221
2012-08-01T17:15:02,224
2012-08-01T17:15:14,222
2012-08-01T17:15:20,221
2012-08-01T17:15:26,222
2012-08-01T17:15:38,218
2012-08-01T17:15:44,222
2012-08-01T17:15:50,222
2012-08-01T17:15:56,224
2012-08-01T17:16:02,232
2012-08-01T17:16:08,222
2012-08-01T17:16:20,223
2012-08-01T17:16:27,224
2012-08-01T17:16:33,222
2012-08-01T17:16:39,220
2012-08-01T17:16:45,223
2012-08-01T17:16:51,225
2012-08-01T17:16:58,220
2012-08-01T17:17:04,220
2012-08-01T17:17:10,222
2012-08-01T17:17:16,231
2012-08-01T17:17:22,230
2012-08-01T17:17:28,227
2012-08-01T17:17:34,227
2012-08-01T17:17:46,231
2012-08-01T17:17:52,238
2012-08-01T17:17:58,223
2012-08-01T17:18:04,220
2012-08-01T17:18:10,220
2012-08-01T17:18:16,225
2012-08-01T17:18:22,228
2012-08-01T17:18:29,225
2012-08-01T17:18:34,221
2012-08-01T17:18:41,220
2012-08-01T17:18:53,223
2012-08-01T17:18:59,221
2012-08-01T17:19:05,218
2012-08-01T17:19:11,221
2012-08-01T17:19:17,222
2012-08-01T17:19:23,225
2012-08-01T17:19:29,224
2012-08-01T17:19:35,219
2012-08-01T17:19:41,222
2012-08-01T17:19:47,223
2012-08-01T17:19:53,224
2012-08-01T17:19:59,228
2012-08-01T17:20:05,233
2012-08-01T17:20:11,220
2012-08-01T17:20:17,230
2012-08-01T17:20:23,228
2012-08-01T17:20:29,224
2012-08-01T17:20:35,222
2012-08-01T17:20:41,227
2012-08-01T17:20:47,224
2012-08-01T17:20:53,227
2012-08-01T17:20:59,227
2012-08-01T17:21:05,224
2012-08-01T17:21:11,224
2012-08-01T17:21:17,240
2012-08-01T17:21:23,238
2012-08-01T17:21:29,234
2012-08-01T17:21:36,227
2012-08-01T17:21:42,227
2012-08-01T17:21:48,222
2012-08-01T17:21:54,224
2012-08-01T17:22:00,228
2012-08-01T17:22:06,225
2012-08-01T17:22:12,221
2012-08-01T17:22:18,234
2012-08-01T17:22:24,224
2012-08-01T17:22:30,229
2012-08-01T17:22:36,221
2012-08-01T17:22:42,220
2012-08-01T17:22:48,228
2012-08-01T17:22:54,232
2012-08-01T17:23:00,227
2012-08-01T17:23:07,225
2012-08-01T17:23:13,225
2012-08-01T17:23:25,229
2012-08-01T17:23:31,228
2012-08-01T17:23:43,228
2012-08-01T17:23:49,222
2012-08-01T17:23:55,223
2012-08-01T17:24:07,222
2012-08-01T17:24:14,223
2012-08-01T17:24:19,224
2012-08-01T17:24:26,227
2012-08-01T17:24:32,228
2012-08-01T17:24:38,238
2012-08-01T17:24:44,235
2012-08-01T17:24:50,241
2012-08-01T17:24:56,152
2012-08-01T17:25:02,151
2012-08-01T17:25:08,149
2012-08-01T17:25:14,152
2012-08-01T17:25:20,144
2012-08-01T17:25:26,140
2012-08-01T17:25:32,145
2012-08-01T17:25:38,150
2012-08-01T17:25:45,145
2012-08-01T17:25:50,140
2012-08-01T17:25:56,139
2012-08-01T17:26:03,139
2012-08-01T17:26:09,149
2012-08-01T17:26:15,143
2012-08-01T17:26:21,142
2012-08-01T17:26:27,143
2012-08-01T17:26:33,142
2012-08-01T17:26:39,140
2012-08-01T17:26:45,139
2012-08-01T17:26:51,140
2012-08-01T17:26:57,139
2012-08-01T17:27:03,139
2012-08-01T17:27:09,142
2012-08-01T17:27:15,141
2012-08-01T17:27:21,139
2012-08-01T17:27:27,139
2012-08-01T17:27:33,139
2012-08-01T17:27:39,138
2012-08-01T17:27:45,139
2012-08-01T17:27:51,139
2012-08-01T17:27:57,153
2012-08-01T17:28:03,145
2012-08-01T17:28:09,140
2012-08-01T17:28:15,143
2012-08-01T17:28:21,140
2012-08-01T17:28:27,141
2012-08-01T17:28:33,139
2012-08-01T17:28:40,139
2012-08-01T17:28:46,142
2012-08-01T17:28:52,139
2012-08-01T17:28:58,139
2012-08-01T17:29:04,141
2012-08-01T17:29:10,145
2012-08-01T17:29:16,146
2012-08-01T17:29:22,144
2012-08-01T17:29:29,143
2012-08-01T17:29:35,140
2012-08-01T17:29:41,143
2012-08-01T17:29:47,138
2012-08-01T17:29:53,145
2012-08-01T17:29:59,142
2012-08-01T17:30:05,140
2012-08-01T17:30:11,138
2012-08-01T17:30:17,137
2012-08-01T17:30:23,137
2012-08-01T17:30:30,142
2012-08-01T17:30:36,137
2012-08-01T17:30:42,139
2012-08-01T17:30:48,138
2012-08-01T17:30:54,138
2012-08-01T17:31:00,138
2012-08-01T17:31:06,137
2012-08-01T17:31:12,138
2012-08-01T17:31:19,138
2012-08-01T17:31:25,137
2012-08-01T17:31:31,136
2012-08-01T17:31:37,136
2012-08-01T17:31:43,137
2012-08-01T17:31:49,137
2012-08-01T17:32:01,136
2012-08-01T17:32:07,136
2012-08-01T17:32:14,136
2012-08-01T17:32:20,136
2012-08-01T17:32:26,138
2012-08-01T17:32:32,136
2012-08-01T17:32:38,136
2012-08-01T17:32:44,136
2012-08-01T17:32:50,138
2012-08-01T17:32:56,138
2012-08-01T17:33:02,138
2012-08-01T17:33:09,999
2012-08-01T17:33:14,295
2012-08-01T17:33:21,302
2012-08-01T17:33:27,295
2012-08-01T17:33:33,307
2012-08-01T17:33:39,301
2012-08-01T17:33:45,295
2012-08-01T17:33:57,285
2012-08-01T17:34:03,287
2012-08-01T17:34:09,286
2012-08-01T17:34:21,272
2012-08-01T17:34:27,268
2012-08-01T17:34:33,264
2012-08-01T17:34:45,255
2012-08-01T17:34:51,245
2012-08-01T17:34:58,245
2012-08-01T17:35:03,243
2012-08-01T17:35:10,245
2012-08-01T17:35:16,236
2012-08-01T17:35:28,231
2012-08-01T17:35:34,238
2012-08-01T17:35:40,228
2012-08-01T17:35:52,225
2012-08-01T17:35:58,235
2012-08-01T17:36:04,230
2012-08-01T17:36:10,224
2012-08-01T17:36:16,223
2012-08-01T17:36:22,225
2012-08-01T17:36:29,222
2012-08-01T17:36:35,225
2012-08-01T17:36:41,222
2012-08-01T17:36:47,229
2012-08-01T17:36:53,220
2012-08-01T17:36:59,223
2012-08-01T17:37:05,224
2012-08-01T17:37:11,222
2012-08-01T17:37:18,228
2012-08-01T17:37:24,220
2012-08-01T17:37:30,224
2012-08-01T17:37:36,225
2012-08-01T17:37:42,220
2012-08-01T17:37:48,221
2012-08-01T17:37:54,231
2012-08-01T17:38:00,224
2012-08-01T17:38:06,222
2012-08-01T17:38:18,233
2012-08-01T17:38:24,221
2012-08-01T17:38:30,225
2012-08-01T17:38:36,286
2012-08-01T17:38:43,290
2012-08-01T17:38:49,290
2012-08-01T17:38:55,285
2012-08-01T17:39:01,289
2012-08-01T17:39:07,311
2012-08-01T17:39:13,323
2012-08-01T17:39:19,325
2012-08-01T17:39:25,321
2012-08-01T17:39:31,322
2012-08-01T17:39:37,322
2012-08-01T17:39:43,319
2012-08-01T17:39:49,323
2012-08-01T17:39:55,318
2012-08-01T17:40:01,307
2012-08-01T17:40:07,292
2012-08-01T17:40:13,287
2012-08-01T17:40:20,295
2012-08-01T17:40:26,287
2012-08-01T17:40:32,289
2012-08-01T17:40:38,289
2012-08-01T17:40:44,286
2012-08-01T17:40:50,286
2012-08-01T17:40:56,286
2012-08-01T17:41:02,286
2012-08-01T17:41:14,287
2012-08-01T17:41:20,288
2012-08-01T17:41:27,169
2012-08-01T17:41:32,169
2012-08-01T17:41:38,167
2012-08-01T17:41:44,132
2012-08-01T17:41:50,133
2012-08-01T17:41:56,132
2012-08-01T17:42:02,132
2012-08-01T17:42:08,134
2012-08-01T17:42:14,131
2012-08-01T17:42:20,134
2012-08-01T17:42:26,134
2012-08-01T17:42:32,132
2012-08-01T17:42:38,133
2012-08-01T17:42:44,132
2012-08-01T17:42:50,131
2012-08-01T17:42:56,132
2012-08-01T17:43:02,133
2012-08-01T17:43:09,131
2012-08-01T17:43:15,132
2012-08-01T17:43:21,132
2012-08-01T17:43:27,132
2012-08-01T17:43:33,132
2012-08-01T17:43:39,132
2012-08-01T17:43:45,134
2012-08-01T17:43:51,133
2012-08-01T17:43:57,133
2012-08-01T17:44:03,133
2012-08-01T17:44:09,132
2012-08-01T17:44:16,132
2012-08-01T17:44:22,133
2012-08-01T17:44:28,132
2012-08-01T17:44:34,132
2012-08-01T17:44:40,133
2012-08-01T17:44:52,132
2012-08-01T17:44:58,139
2012-08-01T17:45:04,138
2012-08-01T17:45:16,136
2012-08-01T17:45:23,134
2012-08-01T17:45:35,140
2012-08-01T17:45:41,135
2012-08-01T17:45:47,135
2012-08-01T17:45:53,137
2012-08-01T17:45:59,138
2012-08-01T17:46:05,137
2012-08-01T17:46:17,138
2012-08-01T17:46:23,138
2012-08-01T17:46:29,136
2012-08-01T17:46:36,134
2012-08-01T17:46:42,136
2012-08-01T17:46:48,135
2012-08-01T17:47:00,137
2012-08-01T17:47:06,137
2012-08-01T17:47:12,137
2012-08-01T17:47:18,136
2012-08-01T17:47:24,138
2012-08-01T17:47:30,137
2012-08-01T17:47:36,137
2012-08-01T17:47:48,138
2012-08-01T17:47:54,138
2012-08-01T17:48:00,138
2012-08-01T17:48:12,137
2012-08-01T17:48:18,136
2012-08-01T17:48:24,140
2012-08-01T17:48:30,138
2012-08-01T17:48:36,145
2012-08-01T17:48:42,138
2012-08-01T17:48:54,138
2012-08-01T17:49:01,138
2012-08-01T17:49:06,138
2012-08-01T17:49:12,138
2012-08-01T17:49:19,143
2012-08-01T17:49:31,138
2012-08-01T17:49:37,138
2012-08-01T17:49:43,139
2012-08-01T17:49:49,138
2012-08-01T17:49:55,139
2012-08-01T17:50:01,140
2012-08-01T17:50:07,138
2012-08-01T17:50:13,136
2012-08-01T17:50:19,138
2012-08-01T17:50:25,138
2012-08-01T17:50:31,138
2012-08-01T17:50:43,135
2012-08-01T17:50:50,137
2012-08-01T17:51:02,137
2012-08-01T17:51:08,136
2012-08-01T17:51:14,138
2012-08-01T17:51:20,139
2012-08-01T17:51:26,138
2012-08-01T17:51:32,527
2012-08-01T17:51:38,312
2012-08-01T17:51:45,300
2012-08-01T17:51:51,300
2012-08-01T17:51:56,301
2012-08-01T17:52:02,301
2012-08-01T17:52:08,301
2012-08-01T17:52:14,302
2012-08-01T17:52:20,298
2012-08-01T17:52:32,290
2012-08-01T17:52:38,281
2012-08-01T17:52:44,273
2012-08-01T17:52:51,279
2012-08-01T17:52:57,267
2012-08-01T17:53:03,261
2012-08-01T17:53:09,251
2012-08-01T17:53:15,249
2012-08-01T17:53:21,255
2012-08-01T17:53:27,243
2012-08-01T17:53:33,238
2012-08-01T17:53:39,235
2012-08-01T17:53:45,235
2012-08-01T17:53:51,238
2012-08-01T17:53:57,233
2012-08-01T17:54:03,225
2012-08-01T17:54:09,230
2012-08-01T17:54:15,232
2012-08-01T17:54:22,221
2012-08-01T17:54:28,225
2012-08-01T17:54:34,222
2012-08-01T17:54:40,222
2012-08-01T17:54:46,225
2012-08-01T17:54:52,223
2012-08-01T17:54:58,224
2012-08-01T17:55:04,220
2012-08-01T17:55:10,225
2012-08-01T17:55:16,221
2012-08-01T17:55:28,224
2012-08-01T17:55:34,222
2012-08-01T17:55:40,223
2012-08-01T17:55:46,222
2012-08-01T17:55:52,221
2012-08-01T17:55:58,218
2012-08-01T17:56:11,227
2012-08-01T17:56:17,218
2012-08-01T17:56:22,225
2012-08-01T17:56:28,222
2012-08-01T17:56:34,217
2012-08-01T17:56:41,229
2012-08-01T17:56:46,223
2012-08-01T17:56:53,242
2012-08-01T17:56:59,247
2012-08-01T17:57:05,244
2012-08-01T17:57:11,251
2012-08-01T17:57:17,246
2012-08-01T17:57:23,244
2012-08-01T17:57:29,251
2012-08-01T17:57:35,246
2012-08-01T17:57:41,253
2012-08-01T17:57:47,249
2012-08-01T17:57:53,251
2012-08-01T17:57:59,245
2012-08-01T17:58:05,256
2012-08-01T17:58:11,253
2012-08-01T17:58:17,254
2012-08-01T17:58:24,251
2012-08-01T17:58:30,256
2012-08-01T17:58:36,253
2012-08-01T17:58:42,258
2012-08-01T17:58:48,251
2012-08-01T17:58:54,257
2012-08-01T17:59:00,254
2012-08-01T17:59:06,259
2012-08-01T17:59:12,253
2012-08-01T17:59:18,257
2012-08-01T17:59:24,255
2012-08-01T17:59:30,259
2012-08-01T17:59:36,255
2012-08-01T17:59:42,255
2012-08-01T17:59:48,153
2012-08-01T17:59:55,152
2012-08-01T18:00:01,152
2012-08-01T18:00:07,152
2012-08-01T18:00:13,153
2012-08-01T18:00:19,154
2012-08-01T18:00:25,153
2012-08-01T18:00:31,154
2012-08-01T18:00:37,156
2012-08-01T18:00:43,154
2012-08-01T18:00:50,152
2012-08-01T18:00:56,155
2012-08-01T18:01:02,152
2012-08-01T18:01:08,151
2012-08-01T18:01:14,152
2012-08-01T18:01:20,152
2012-08-01T18:01:26,151
2012-08-01T18:01:32,154
2012-08-01T18:01:38,161
2012-08-01T18:01:44,160
2012-08-01T18:01:50,161
2012-08-01T18:01:56,163
2012-08-01T18:02:02,154
2012-08-01T18:02:08,152
2012-08-01T18:02:14,152
2012-08-01T18:02:20,151
2012-08-01T18:02:26,153
2012-08-01T18:02:32,153
2012-08-01T18:02:38,151
2012-08-01T18:02:44,152
2012-08-01T18:02:50,152
2012-08-01T18:02:57,151
2012-08-01T18:03:03,151
2012-08-01T18:03:09,152
2012-08-01T18:03:15,151
2012-08-01T18:03:21,152
2012-08-01T18:03:27,151
2012-08-01T18:03:33,151
2012-08-01T18:03:39,158
2012-08-01T18:03:45,152
2012-08-01T18:03:51,154
2012-08-01T18:03:57,151
2012-08-01T18:04:03,151
2012-08-01T18:04:09,152
2012-08-01T18:04:15,151
2012-08-01T18:04:22,152
2012-08-01T18:04:28,153
2012-08-01T18:04:34,152
2012-08-01T18:04:40,152
2012-08-01T18:04:52,149
2012-08-01T18:04:58,151
2012-08-01T18:05:11,150
2012-08-01T18:05:17,151
2012-08-01T18:05:23,151
2012-08-01T18:05:29,152
2012-08-01T18:05:35,152
2012-08-01T18:05:41,153
2012-08-01T18:05:47,151
2012-08-01T18:05:53,152
2012-08-01T18:05:59,155
2012-08-01T18:06:05,157
2012-08-01T18:06:17,152
2012-08-01T18:06:23,154
2012-08-01T18:06:29,161
2012-08-01T18:06:35,152
2012-08-01T18:06:41,152
2012-08-01T18:06:47,155
2012-08-01T18:06:53,154
2012-08-01T18:06:59,154
2012-08-01T18:07:05,152
2012-08-01T18:07:11,152
2012-08-01T18:07:17,150
2012-08-01T18:07:23,150
2012-08-01T18:07:29,150
2012-08-01T18:07:35,150
2012-08-01T18:07:41,151
2012-08-01T18:07:47,152
2012-08-01T18:07:54,153
2012-08-01T18:08:00,152
2012-08-01T18:08:06,150
2012-08-01T18:08:12,152
2012-08-01T18:08:24,150
2012-08-01T18:08:30,150
2012-08-01T18:08:36,149
2012-08-01T18:08:42,151
2012-08-01T18:08:48,151
2012-08-01T18:08:54,149
2012-08-01T18:09:00,149
2012-08-01T18:09:06,151
2012-08-01T18:09:12,151
2012-08-01T18:09:18,151
2012-08-01T18:09:24,152
2012-08-01T18:09:30,152
2012-08-01T18:09:36,150
2012-08-01T18:09:42,151
2012-08-01T18:09:48,152
2012-08-01T18:09:54,152
2012-08-01T18:10:00,152
2012-08-01T18:10:07,152
2012-08-01T18:10:13,152
2012-08-01T18:10:19,153
2012-08-01T18:10:25,325
2012-08-01T18:10:31,322
2012-08-01T18:10:37,323
2012-08-01T18:10:43,326
2012-08-01T18:10:49,334
2012-08-01T18:10:55,334
2012-08-01T18:11:01,327
2012-08-01T18:11:07,323
2012-08-01T18:11:13,326
2012-08-01T18:11:20,321
2012-08-01T18:11:26,314
2012-08-01T18:11:32,317
2012-08-01T18:11:38,307
2012-08-01T18:11:44,300
2012-08-01T18:11:50,300
2012-08-01T18:11:56,291
2012-08-01T18:12:02,283
2012-08-01T18:12:08,283
2012-08-01T18:12:14,284
2012-08-01T18:12:20,279
2012-08-01T18:12:25,[]
2012-08-01T18:12:26,278
2012-08-01T18:12:32,272
2012-08-01T18:12:35,[]
2012-08-01T18:12:38,272
2012-08-01T18:12:44,269
2012-08-01T18:12:45,[]
2012-08-01T18:12:50,262
2012-08-01T18:12:55,[]
2012-08-01T18:12:57,259
2012-08-01T18:13:03,266
2012-08-01T18:13:05,[]
2012-08-01T18:13:09,264
2012-08-01T18:13:15,[]
2012-08-01T18:13:15,263
2012-08-01T18:13:21,258
2012-08-01T18:13:25,[]
2012-08-01T18:13:33,261
2012-08-01T18:13:35,[]
2012-08-01T18:13:39,262
2012-08-01T18:13:45,[]
2012-08-01T18:13:45,259
2012-08-01T18:13:51,259
2012-08-01T18:13:55,[]
2012-08-01T18:13:57,256
2012-08-01T18:14:04,259
2012-08-01T18:14:05,[]
2012-08-01T18:14:10,254
2012-08-01T18:14:15,[]
2012-08-01T18:14:16,259
2012-08-01T18:14:22,256
2012-08-01T18:14:25,[]
2012-08-01T18:14:28,257
2012-08-01T18:14:34,257
2012-08-01T18:14:35,[]
2012-08-01T18:14:40,252
2012-08-01T18:14:45,[]
2012-08-01T18:14:46,268
2012-08-01T18:14:52,254
2012-08-01T18:14:55,[]
2012-08-01T18:14:58,255
2012-08-01T18:15:04,257
2012-08-01T18:15:05,[]
2012-08-01T18:15:10,256
2012-08-01T18:15:15,[]
2012-08-01T18:15:16,258
2012-08-01T18:15:23,254
2012-08-01T18:15:25,[]
2012-08-01T18:15:29,274
2012-08-01T18:15:35,[]
2012-08-01T18:15:35,253
2012-08-01T18:15:41,258
2012-08-01T18:15:45,[]
2012-08-01T18:15:47,255
2012-08-01T18:15:53,258
2012-08-01T18:15:55,[]
2012-08-01T18:15:59,255
2012-08-01T18:16:05,[]
2012-08-01T18:16:05,256
2012-08-01T18:16:11,258
2012-08-01T18:16:15,[]
2012-08-01T18:16:17,267
2012-08-01T18:16:23,261
2012-08-01T18:16:25,[]
2012-08-01T18:16:30,255
2012-08-01T18:16:35,[]
2012-08-01T18:16:36,259
2012-08-01T18:16:42,258
2012-08-01T18:16:45,[]
2012-08-01T18:16:48,257
2012-08-01T18:16:54,265
2012-08-01T18:16:55,[]
2012-08-01T18:17:00,258
2012-08-01T18:17:05,[]
2012-08-01T18:17:06,256
2012-08-01T18:17:12,257
2012-08-01T18:17:15,[]
2012-08-01T18:17:19,259
2012-08-01T18:17:25,[]
2012-08-01T18:17:25,259
2012-08-01T18:17:31,256
2012-08-01T18:17:35,[]
2012-08-01T18:17:37,261
2012-08-01T18:17:43,259
2012-08-01T18:17:45,[]
2012-08-01T18:17:49,258
2012-08-01T18:17:55,[]
2012-08-01T18:17:55,262
2012-08-01T18:18:01,257
2012-08-01T18:18:05,[]
2012-08-01T18:18:07,268
2012-08-01T18:18:13,264
2012-08-01T18:18:15,[]
2012-08-01T18:18:20,258
2012-08-01T18:18:25,[]
2012-08-01T18:18:25,257
2012-08-01T18:18:31,257
2012-08-01T18:18:35,[]
2012-08-01T18:18:38,257
2012-08-01T18:18:44,258
2012-08-01T18:18:45,[]
2012-08-01T18:18:50,258
2012-08-01T18:18:55,[]
2012-08-01T18:18:56,266
2012-08-01T18:19:02,256
2012-08-01T18:19:05,[]
2012-08-01T18:19:08,158
2012-08-01T18:19:14,156
2012-08-01T18:19:15,[]
2012-08-01T18:19:20,158
2012-08-01T18:19:25,[]
2012-08-01T18:19:33,155
2012-08-01T18:19:35,[]
2012-08-01T18:19:39,157
2012-08-01T18:19:45,[]
2012-08-01T18:19:51,158
2012-08-01T18:19:55,[]
2012-08-01T18:19:57,155
2012-08-01T18:20:03,158
2012-08-01T18:20:05,[]
2012-08-01T18:20:09,154
2012-08-01T18:20:15,[]
2012-08-01T18:20:16,155
2012-08-01T18:20:22,154
2012-08-01T18:20:25,[]
2012-08-01T18:20:28,155
2012-08-01T18:20:34,157
2012-08-01T18:20:35,[]
2012-08-01T18:20:40,154
2012-08-01T18:20:45,[]
2012-08-01T18:20:46,155
2012-08-01T18:20:52,154
2012-08-01T18:20:55,[]
2012-08-01T18:20:58,153
2012-08-01T18:21:04,155
2012-08-01T18:21:05,[]
2012-08-01T18:21:10,156
2012-08-01T18:21:15,[]
2012-08-01T18:21:16,154
2012-08-01T18:21:22,153
2012-08-01T18:21:25,[]
2012-08-01T18:21:28,154
2012-08-01T18:21:35,[]
2012-08-01T18:21:40,154
2012-08-01T18:21:45,[]
2012-08-01T18:21:46,156
2012-08-01T18:21:52,154
2012-08-01T18:21:55,[]
2012-08-01T18:22:04,154
2012-08-01T18:22:05,[]
2012-08-01T18:22:10,155
2012-08-01T18:22:15,[]
2012-08-01T18:22:16,155
2012-08-01T18:22:22,153
2012-08-01T18:22:25,[]
2012-08-01T18:22:28,153
2012-08-01T18:22:34,154
2012-08-01T18:22:35,[]
2012-08-01T18:22:45,[]
2012-08-01T18:22:46,151
2012-08-01T18:22:53,153
2012-08-01T18:22:55,[]
2012-08-01T18:22:59,152
2012-08-01T18:23:05,[]
2012-08-01T18:23:05,154
2012-08-01T18:23:11,153
2012-08-01T18:23:15,[]
2012-08-01T18:23:17,153
2012-08-01T18:23:23,153
2012-08-01T18:23:25,[]
2012-08-01T18:23:29,156
2012-08-01T18:23:35,[]
2012-08-01T18:23:35,162
2012-08-01T18:23:41,155
2012-08-01T18:23:45,[]
2012-08-01T18:23:47,153
2012-08-01T18:23:53,156
2012-08-01T18:23:55,[]
2012-08-01T18:23:59,159
2012-08-01T18:24:05,[]
2012-08-01T18:24:05,156
2012-08-01T18:24:11,153
2012-08-01T18:24:15,[]
2012-08-01T18:24:17,153
2012-08-01T18:24:24,152
2012-08-01T18:24:25,[]
2012-08-01T18:24:30,155
2012-08-01T18:24:35,[]
2012-08-01T18:24:36,154
2012-08-01T18:24:42,157
2012-08-01T18:24:45,[]
2012-08-01T18:24:54,156
2012-08-01T18:24:55,[]
2012-08-01T18:25:00,156
2012-08-01T18:25:05,[]
2012-08-01T18:25:06,155
2012-08-01T18:25:12,156
2012-08-01T18:25:15,[]
2012-08-01T18:25:19,154
2012-08-01T18:25:25,[]
2012-08-01T18:25:31,159
2012-08-01T18:25:35,[]
2012-08-01T18:25:37,155
2012-08-01T18:25:43,154
2012-08-01T18:25:45,[]
2012-08-01T18:25:49,155
2012-08-01T18:25:55,[]
2012-08-01T18:25:55,158
2012-08-01T18:26:01,156
2012-08-01T18:26:05,[]
2012-08-01T18:26:07,155
2012-08-01T18:26:13,157
2012-08-01T18:26:15,[]
2012-08-01T18:26:19,155
2012-08-01T18:26:25,[]
2012-08-01T18:26:25,165
2012-08-01T18:26:31,156
2012-08-01T18:26:35,[]
2012-08-01T18:26:43,155
2012-08-01T18:26:45,[]
2012-08-01T18:26:49,159
2012-08-01T18:26:55,[]
2012-08-01T18:26:55,156
2012-08-01T18:27:01,154
2012-08-01T18:27:05,[]
2012-08-01T18:27:07,159
2012-08-01T18:27:13,157
2012-08-01T18:27:15,[]
2012-08-01T18:27:19,154
2012-08-01T18:27:25,[]
2012-08-01T18:27:25,158
2012-08-01T18:27:31,157
2012-08-01T18:27:35,[]
2012-08-01T18:27:38,154
2012-08-01T18:27:44,155
2012-08-01T18:27:45,[]
2012-08-01T18:27:50,152
2012-08-01T18:27:55,[]
2012-08-01T18:27:56,153
2012-08-01T18:28:02,155
2012-08-01T18:28:05,[]
2012-08-01T18:28:08,153
2012-08-01T18:28:14,157
2012-08-01T18:28:15,[]
2012-08-01T18:28:20,155
2012-08-01T18:28:25,[]
2012-08-01T18:28:26,154
2012-08-01T18:28:32,155
2012-08-01T18:28:35,[]
2012-08-01T18:28:39,165
2012-08-01T18:28:45,[]
2012-08-01T18:28:45,154
2012-08-01T18:28:51,156
2012-08-01T18:28:55,[]
2012-08-01T18:28:57,154
2012-08-01T18:29:03,159
2012-08-01T18:29:05,[]
2012-08-01T18:29:09,154
2012-08-01T18:29:15,[]
2012-08-01T18:29:15,159
2012-08-01T18:29:21,159
2012-08-01T18:29:25,[]
2012-08-01T18:29:27,157
2012-08-01T18:29:33,158
2012-08-01T18:29:35,[]
2012-08-01T18:29:39,161
2012-08-01T18:29:45,[]
2012-08-01T18:29:45,159
2012-08-01T18:29:51,666
2012-08-01T18:29:55,[]
2012-08-01T18:29:57,341
2012-08-01T18:30:03,340
2012-08-01T18:30:05,[]
2012-08-01T18:30:09,330
2012-08-01T18:30:15,[]
2012-08-01T18:30:15,346
2012-08-01T18:30:21,335
2012-08-01T18:30:25,[]
2012-08-01T18:30:28,334
2012-08-01T18:30:34,335
2012-08-01T18:30:35,[]
2012-08-01T18:30:40,341
2012-08-01T18:30:45,[]
2012-08-01T18:30:46,330
2012-08-01T18:30:52,329
2012-08-01T18:30:58,322
2012-08-01T18:31:04,320
2012-08-01T18:31:10,307
2012-08-01T18:31:16,302
2012-08-01T18:31:22,293
2012-08-01T18:31:28,288
2012-08-01T18:31:34,285
2012-08-01T18:31:40,280
2012-08-01T18:31:46,279
2012-08-01T18:31:53,274
2012-08-01T18:31:59,272
2012-08-01T18:32:05,270
2012-08-01T18:32:11,270
2012-08-01T18:32:17,267
2012-08-01T18:32:29,269
2012-08-01T18:32:35,259
2012-08-01T18:32:41,265
2012-08-01T18:32:47,267
2012-08-01T18:32:54,256
2012-08-01T18:32:59,258
2012-08-01T18:33:12,269
2012-08-01T18:33:18,256
2012-08-01T18:33:24,261
2012-08-01T18:33:30,253
2012-08-01T18:33:36,256
2012-08-01T18:33:42,258
2012-08-01T18:33:48,254
2012-08-01T18:33:54,277
2012-08-01T18:34:01,268
2012-08-01T18:34:07,258
2012-08-01T18:34:13,257
2012-08-01T18:34:19,266
2012-08-01T18:34:25,269
2012-08-01T18:34:31,256
2012-08-01T18:34:37,265
2012-08-01T18:34:43,270
2012-08-01T18:34:49,258
2012-08-01T18:34:55,268
2012-08-01T18:35:01,257
2012-08-01T18:35:07,256
2012-08-01T18:35:19,256
2012-08-01T18:35:25,268
2012-08-01T18:35:31,262
2012-08-01T18:35:37,268
2012-08-01T18:35:43,259
2012-08-01T18:35:49,262
2012-08-01T18:35:55,254
2012-08-01T18:36:01,257
2012-08-01T18:36:07,258
2012-08-01T18:36:13,253
2012-08-01T18:36:19,257
2012-08-01T18:36:25,259
2012-08-01T18:36:32,256
2012-08-01T18:36:38,256
2012-08-01T18:36:44,254
2012-08-01T18:36:50,256
2012-08-01T18:36:56,258
2012-08-01T18:37:02,261
2012-08-01T18:37:08,255
2012-08-01T18:37:14,256
2012-08-01T18:37:20,255
2012-08-01T18:37:27,261
2012-08-01T18:37:33,254
2012-08-01T18:37:39,261
2012-08-01T18:37:45,255
2012-08-01T18:37:51,255
2012-08-01T18:37:57,259
2012-08-01T18:38:03,256
2012-08-01T18:38:09,261
2012-08-01T18:38:15,256
2012-08-01T18:38:21,154
2012-08-01T18:38:27,153
2012-08-01T18:38:33,156
2012-08-01T18:38:39,156
2012-08-01T18:38:45,153
2012-08-01T18:38:58,155
2012-08-01T18:39:04,159
2012-08-01T18:39:16,156
2012-08-01T18:39:22,160
2012-08-01T18:39:28,156
2012-08-01T18:39:34,154
2012-08-01T18:39:41,158
2012-08-01T18:39:46,153
2012-08-01T18:39:53,154
2012-08-01T18:39:59,169
2012-08-01T18:40:04,159
2012-08-01T18:40:10,156
2012-08-01T18:40:23,154
2012-08-01T18:40:29,156
2012-08-01T18:40:35,157
2012-08-01T18:40:41,159
2012-08-01T18:40:47,155
2012-08-01T18:40:53,155
2012-08-01T18:41:05,168
2012-08-01T18:41:11,167
2012-08-01T18:41:24,156
2012-08-01T18:41:29,154
2012-08-01T18:41:36,163
2012-08-01T18:41:42,155
2012-08-01T18:41:48,155
2012-08-01T18:41:54,157
2012-08-01T18:42:00,161
2012-08-01T18:42:06,152
2012-08-01T18:42:12,158
2012-08-01T18:42:18,156
2012-08-01T18:42:30,156
2012-08-01T18:42:36,155
2012-08-01T18:42:42,158
2012-08-01T18:42:48,159
2012-08-01T18:42:54,166
2012-08-01T18:43:00,155
2012-08-01T18:43:06,157
2012-08-01T18:43:12,157
2012-08-01T18:43:18,155
2012-08-01T18:43:24,157
2012-08-01T18:43:30,163
2012-08-01T18:43:36,160
2012-08-01T18:43:42,155
2012-08-01T18:43:48,157
2012-08-01T18:43:54,155
2012-08-01T18:44:00,165
2012-08-01T18:44:06,155
2012-08-01T18:44:12,157
2012-08-01T18:44:18,157
2012-08-01T18:44:24,155
2012-08-01T18:44:30,157
2012-08-01T18:44:37,156
2012-08-01T18:44:43,156
2012-08-01T18:44:49,157
2012-08-01T18:44:55,159
2012-08-01T18:45:01,155
2012-08-01T18:45:07,167
2012-08-01T18:45:13,159
2012-08-01T18:45:19,160
2012-08-01T18:45:25,155
2012-08-01T18:45:31,159
2012-08-01T18:45:37,158
2012-08-01T18:45:44,155
2012-08-01T18:45:50,163
2012-08-01T18:45:56,159
2012-08-01T18:46:02,162
2012-08-01T18:46:08,158
2012-08-01T18:46:14,158
2012-08-01T18:46:20,156
2012-08-01T18:46:26,161
2012-08-01T18:46:32,160
2012-08-01T18:46:38,166
2012-08-01T18:46:50,157
2012-08-01T18:46:56,167
2012-08-01T18:47:03,154
2012-08-01T18:47:09,157
2012-08-01T18:47:15,156
2012-08-01T18:47:21,155
2012-08-01T18:47:27,157
2012-08-01T18:47:33,156
2012-08-01T18:47:39,156
2012-08-01T18:47:45,156
2012-08-01T18:47:51,159
2012-08-01T18:47:57,157
2012-08-01T18:48:03,158
2012-08-01T18:48:10,159
2012-08-01T18:48:15,166
2012-08-01T18:48:21,158
2012-08-01T18:48:28,156
2012-08-01T18:48:34,158
2012-08-01T18:48:39,155
2012-08-01T18:48:46,156
2012-08-01T18:48:52,154
2012-08-01T18:48:58,159
2012-08-01T18:49:04,159
2012-08-01T18:49:10,157
2012-08-01T18:49:16,422
2012-08-01T18:49:23,340
2012-08-01T18:49:28,335
2012-08-01T18:49:35,344
2012-08-01T18:49:41,341
2012-08-01T18:49:47,358
2012-08-01T18:49:53,341
2012-08-01T18:49:59,347
2012-08-01T18:50:05,327
2012-08-01T18:50:11,320
2012-08-01T18:50:18,322
2012-08-01T18:50:24,319
2012-08-01T18:50:30,322
2012-08-01T18:50:36,304
2012-08-01T18:50:42,296
2012-08-01T18:50:48,292
2012-08-01T18:50:54,292
2012-08-01T18:51:00,288
2012-08-01T18:51:07,285
2012-08-01T18:51:12,281
2012-08-01T18:51:19,277
2012-08-01T18:51:31,269
2012-08-01T18:51:37,267
2012-08-01T18:51:43,259
2012-08-01T18:51:49,264
2012-08-01T18:51:55,263
2012-08-01T18:52:01,257
2012-08-01T18:52:13,258
2012-08-01T18:52:20,253
2012-08-01T18:52:26,256
2012-08-01T18:52:32,259
2012-08-01T18:52:38,254
2012-08-01T18:52:44,258
2012-08-01T18:52:50,256
2012-08-01T18:52:56,256
2012-08-01T18:53:03,256
2012-08-01T18:53:09,259
2012-08-01T18:53:15,256
2012-08-01T18:53:21,254
2012-08-01T18:53:27,258
2012-08-01T18:53:33,255
2012-08-01T18:53:39,258
2012-08-01T18:53:45,252
2012-08-01T18:53:52,259
2012-08-01T18:53:58,262
2012-08-01T18:54:04,266
2012-08-01T18:54:16,261
2012-08-01T18:54:22,261
2012-08-01T18:54:28,270
2012-08-01T18:54:34,261
2012-08-01T18:54:40,258
2012-08-01T18:54:46,258
2012-08-01T18:54:53,259
2012-08-01T18:54:58,257
2012-08-01T18:55:05,257
2012-08-01T18:55:11,262
2012-08-01T18:55:17,256
2012-08-01T18:55:23,266
2012-08-01T18:55:29,259
2012-08-01T18:55:35,257
2012-08-01T18:55:41,265
2012-08-01T18:55:47,258
2012-08-01T18:55:53,261
2012-08-01T18:55:59,257
2012-08-01T18:56:05,267
2012-08-01T18:56:11,256
2012-08-01T18:56:18,264
2012-08-01T18:56:24,264
2012-08-01T18:56:30,264
2012-08-01T18:56:36,277
2012-08-01T18:56:42,257
2012-08-01T18:56:48,259
2012-08-01T18:56:54,266
2012-08-01T18:57:00,266
2012-08-01T18:57:06,267
2012-08-01T18:57:12,261
2012-08-01T18:57:18,265
2012-08-01T18:57:24,261
2012-08-01T18:57:30,268
2012-08-01T18:57:37,164
2012-08-01T18:57:43,167
2012-08-01T18:57:49,154
2012-08-01T18:57:55,164
2012-08-01T18:58:01,158
2012-08-01T18:58:07,159
2012-08-01T18:58:13,162
2012-08-01T18:58:19,158
2012-08-01T18:58:25,153
2012-08-01T18:58:31,155
2012-08-01T18:58:37,156
2012-08-01T18:58:44,155
2012-08-01T18:58:50,156
2012-08-01T18:58:56,155
2012-08-01T18:59:02,158
2012-08-01T18:59:08,158
2012-08-01T18:59:14,156
2012-08-01T18:59:20,155
2012-08-01T18:59:26,156
2012-08-01T18:59:32,156
2012-08-01T18:59:38,156
2012-08-01T18:59:44,155
2012-08-01T18:59:50,158
2012-08-01T18:59:56,153
2012-08-01T19:00:02,153
2012-08-01T19:00:08,157
2012-08-01T19:00:14,155
2012-08-01T19:00:20,154
2012-08-01T19:00:26,157
2012-08-01T19:00:32,158
2012-08-01T19:00:38,155
2012-08-01T19:00:44,157
2012-08-01T19:00:50,155
2012-08-01T19:00:56,163
2012-08-01T19:01:03,158
2012-08-01T19:01:09,156
2012-08-01T19:01:15,156
2012-08-01T19:01:21,156
2012-08-01T19:01:27,156
2012-08-01T19:01:33,155
2012-08-01T19:01:39,159
2012-08-01T19:01:46,155
2012-08-01T19:01:52,166
2012-08-01T19:01:57,157
2012-08-01T19:02:03,162
2012-08-01T19:02:10,155
2012-08-01T19:02:16,157
2012-08-01T19:02:22,157
2012-08-01T19:02:28,163
2012-08-01T19:02:34,159
2012-08-01T19:02:40,159
2012-08-01T19:02:46,156
2012-08-01T19:02:52,155
2012-08-01T19:02:58,154
2012-08-01T19:03:04,153
2012-08-01T19:03:10,158
2012-08-01T19:03:17,154
2012-08-01T19:03:23,155
2012-08-01T19:03:29,155
2012-08-01T19:03:35,157
2012-08-01T19:03:41,154
2012-08-01T19:03:47,156
2012-08-01T19:03:53,155
2012-08-01T19:03:59,154
2012-08-01T19:04:05,155
2012-08-01T19:04:11,155
2012-08-01T19:04:17,152
2012-08-01T19:04:23,153
2012-08-01T19:04:29,152
2012-08-01T19:04:36,152
2012-08-01T19:04:42,153
2012-08-01T19:04:48,153
2012-08-01T19:04:54,152
2012-08-01T19:05:00,155
2012-08-01T19:05:06,166
2012-08-01T19:05:12,159
2012-08-01T19:05:18,160
2012-08-01T19:05:36,162
2012-08-01T19:05:43,152
2012-08-01T19:05:49,152
2012-08-01T19:05:55,154
2012-08-01T19:06:01,153
2012-08-01T19:06:07,153
2012-08-01T19:06:13,153
2012-08-01T19:06:19,154
2012-08-01T19:06:25,153
2012-08-01T19:06:31,152
2012-08-01T19:06:38,152
2012-08-01T19:06:44,159
2012-08-01T19:06:50,153
2012-08-01T19:06:56,152
2012-08-01T19:07:02,152
2012-08-01T19:07:08,152
2012-08-01T19:07:14,155
2012-08-01T19:07:20,152
2012-08-01T19:07:26,152
2012-08-01T19:07:32,152
2012-08-01T19:07:38,152
2012-08-01T19:07:44,152
2012-08-01T19:07:50,152
2012-08-01T19:07:56,152
2012-08-01T19:08:02,152
2012-08-01T19:08:08,152
2012-08-01T19:08:20,152
2012-08-01T19:08:26,156
2012-08-01T19:08:32,153
2012-08-01T19:08:38,152
2012-08-01T19:08:45,321
2012-08-01T19:08:51,330
2012-08-01T19:08:57,332
2012-08-01T19:09:03,341
2012-08-01T19:09:09,342
2012-08-01T19:09:15,334
2012-08-01T19:09:21,331
2012-08-01T19:09:27,330
2012-08-01T19:09:33,327
2012-08-01T19:09:39,324
2012-08-01T19:09:46,319
2012-08-01T19:09:52,307
2012-08-01T19:09:58,304
2012-08-01T19:10:04,300
2012-08-01T19:10:10,297
2012-08-01T19:10:16,289
2012-08-01T19:10:22,281
2012-08-01T19:10:28,279
2012-08-01T19:10:34,279
2012-08-01T19:10:40,275
2012-08-01T19:10:46,273
2012-08-01T19:10:52,286
2012-08-01T19:10:58,277
2012-08-01T19:11:05,267
2012-08-01T19:11:11,264
2012-08-01T19:11:17,259
2012-08-01T19:11:23,269
2012-08-01T19:11:29,263
2012-08-01T19:11:35,261
2012-08-01T19:11:41,262
2012-08-01T19:11:47,261
2012-08-01T19:11:53,255
2012-08-01T19:11:59,262
2012-08-01T19:12:05,253
2012-08-01T19:12:11,257
2012-08-01T19:12:18,251
2012-08-01T19:12:23,254
2012-08-01T19:12:30,256
2012-08-01T19:12:36,254
2012-08-01T19:12:42,255
2012-08-01T19:12:48,252
2012-08-01T19:13:00,253
2012-08-01T19:13:06,256
2012-08-01T19:13:12,256
2012-08-01T19:13:18,253
2012-08-01T19:13:24,256
2012-08-01T19:13:30,258
2012-08-01T19:13:37,267
2012-08-01T19:13:43,253
2012-08-01T19:13:49,257
2012-08-01T19:13:55,253
2012-08-01T19:14:01,256
2012-08-01T19:14:07,259
2012-08-01T19:14:13,264
2012-08-01T19:14:19,256
2012-08-01T19:14:25,268
2012-08-01T19:14:31,256
2012-08-01T19:14:37,274
2012-08-01T19:14:44,267
2012-08-01T19:14:49,256
2012-08-01T19:15:02,234
2012-08-01T19:15:08,229
2012-08-01T19:15:14,228
2012-08-01T19:15:20,247
2012-08-01T19:15:26,244
2012-08-01T19:15:32,240
2012-08-01T19:15:38,239
2012-08-01T19:15:45,242
2012-08-01T19:15:51,243
2012-08-01T19:15:57,240
2012-08-01T19:16:03,245
2012-08-01T19:16:09,238
2012-08-01T19:16:15,247
2012-08-01T19:16:21,244
2012-08-01T19:16:27,239
2012-08-01T19:16:33,246
2012-08-01T19:16:39,239
2012-08-01T19:16:45,244
2012-08-01T19:16:52,238
2012-08-01T19:16:57,241
2012-08-01T19:17:03,239
2012-08-01T19:17:09,243
2012-08-01T19:17:15,147
2012-08-01T19:17:21,152
2012-08-01T19:17:27,150
2012-08-01T19:17:34,150
2012-08-01T19:17:40,151
2012-08-01T19:17:52,146
2012-08-01T19:17:58,152
2012-08-01T19:18:04,151
2012-08-01T19:18:10,152
2012-08-01T19:18:16,149
2012-08-01T19:18:22,148
2012-08-01T19:18:28,152
2012-08-01T19:18:34,149
2012-08-01T19:18:40,148
2012-08-01T19:18:46,147
2012-08-01T19:18:52,147
2012-08-01T19:18:58,147
2012-08-01T19:19:04,151
2012-08-01T19:19:17,150
2012-08-01T19:19:23,151
2012-08-01T19:19:29,152
2012-08-01T19:19:35,154
2012-08-01T19:19:41,153
2012-08-01T19:19:47,146
2012-08-01T19:19:53,145
2012-08-01T19:20:00,150
2012-08-01T19:20:06,147
2012-08-01T19:20:12,149
2012-08-01T19:20:18,145
2012-08-01T19:20:24,139
2012-08-01T19:20:30,138
2012-08-01T19:20:37,137
2012-08-01T19:20:43,138
2012-08-01T19:20:49,138
2012-08-01T19:21:01,138
2012-08-01T19:21:07,138
2012-08-01T19:21:13,138
2012-08-01T19:21:19,138
2012-08-01T19:21:25,138
2012-08-01T19:21:31,138
2012-08-01T19:21:37,137
2012-08-01T19:21:43,138
2012-08-01T19:21:49,137
2012-08-01T19:21:55,138
2012-08-01T19:22:01,138
2012-08-01T19:22:07,136
2012-08-01T19:22:13,136
2012-08-01T19:22:26,136
2012-08-01T19:22:32,138
2012-08-01T19:22:38,137
2012-08-01T19:22:44,137
2012-08-01T19:22:50,137
2012-08-01T19:22:56,137
2012-08-01T19:23:08,138
2012-08-01T19:23:14,138
2012-08-01T19:23:27,138
2012-08-01T19:23:33,138
2012-08-01T19:23:39,140
2012-08-01T19:23:45,138
2012-08-01T19:23:51,138
2012-08-01T19:23:57,175
2012-08-01T19:24:04,174
2012-08-01T19:24:10,175
2012-08-01T19:24:15,179
2012-08-01T19:24:22,223
2012-08-01T19:24:28,186
2012-08-01T19:24:34,185
2012-08-01T19:24:40,175
2012-08-01T19:24:46,177
2012-08-01T19:24:52,176
2012-08-01T19:24:58,175
2012-08-01T19:25:04,176
2012-08-01T19:25:10,180
2012-08-01T19:25:16,176
2012-08-01T19:25:22,177
2012-08-01T19:25:28,176
2012-08-01T19:25:35,179
2012-08-01T19:25:40,178
2012-08-01T19:25:47,151
2012-08-01T19:25:53,138
2012-08-01T19:25:59,140
2012-08-01T19:26:05,138
2012-08-01T19:26:11,138
2012-08-01T19:26:17,139
2012-08-01T19:26:23,138
2012-08-01T19:26:29,138
2012-08-01T19:26:35,139
2012-08-01T19:26:41,144
2012-08-01T19:26:47,138
2012-08-01T19:26:53,139
2012-08-01T19:26:59,139
2012-08-01T19:27:06,138
2012-08-01T19:27:12,141
2012-08-01T19:27:18,142
2012-08-01T19:27:23,140
2012-08-01T19:27:30,139
2012-08-01T19:27:36,138
2012-08-01T19:27:42,138
2012-08-01T19:27:48,137
2012-08-01T19:27:54,141
2012-08-01T19:28:00,139
2012-08-01T19:28:06,138
2012-08-01T19:28:12,139
2012-08-01T19:28:24,304
2012-08-01T19:28:30,308
2012-08-01T19:28:36,304
2012-08-01T19:28:48,318
2012-08-01T19:28:54,309
2012-08-01T19:29:00,310
2012-08-01T19:29:07,296
2012-08-01T19:29:13,298
2012-08-01T19:29:19,296
2012-08-01T19:29:25,293
2012-08-01T19:29:31,288
2012-08-01T19:29:37,273
2012-08-01T19:29:43,272
2012-08-01T19:29:49,274
2012-08-01T19:29:55,272
2012-08-01T19:30:01,257
2012-08-01T19:30:07,256
2012-08-01T19:30:13,246
2012-08-01T19:30:19,250
2012-08-01T19:30:25,251
2012-08-01T19:30:37,241
2012-08-01T19:30:43,235
2012-08-01T19:30:49,235
2012-08-01T19:31:01,242
2012-08-01T19:31:07,239
2012-08-01T19:31:13,233
2012-08-01T19:31:19,236
2012-08-01T19:31:25,235
2012-08-01T19:31:31,230
2012-08-01T19:31:43,225
2012-08-01T19:31:50,233
2012-08-01T19:31:56,231
2012-08-01T19:32:02,232
2012-08-01T19:32:08,232
2012-08-01T19:32:14,231
2012-08-01T19:32:20,229
2012-08-01T19:32:26,227
2012-08-01T19:32:32,234
2012-08-01T19:32:45,230
2012-08-01T19:32:51,223
2012-08-01T19:32:57,231
2012-08-01T19:33:03,222
2012-08-01T19:33:09,229
2012-08-01T19:33:15,228
2012-08-01T19:33:21,225
2012-08-01T19:33:27,225
2012-08-01T19:33:33,225
2012-08-01T19:33:40,228
2012-08-01T19:33:46,229
2012-08-01T19:33:52,225
2012-08-01T19:33:58,232
2012-08-01T19:34:04,222
2012-08-01T19:34:10,233
2012-08-01T19:34:16,223
2012-08-01T19:34:22,225
2012-08-01T19:34:28,224
2012-08-01T19:34:35,231
2012-08-01T19:34:41,228
2012-08-01T19:34:47,225
2012-08-01T19:34:53,221
2012-08-01T19:34:59,225
2012-08-01T19:35:05,221
2012-08-01T19:35:11,232
2012-08-01T19:35:17,230
2012-08-01T19:35:23,221
2012-08-01T19:35:29,229
2012-08-01T19:35:35,230
2012-08-01T19:35:41,222
2012-08-01T19:35:47,225
2012-08-01T19:35:53,224
2012-08-01T19:35:59,222
2012-08-01T19:36:05,230
2012-08-01T19:36:11,223
2012-08-01T19:36:17,225
2012-08-01T19:36:24,222
2012-08-01T19:36:30,228
2012-08-01T19:36:36,230
2012-08-01T19:36:42,223
2012-08-01T19:36:48,212
2012-08-01T19:36:54,143
2012-08-01T19:37:00,138
2012-08-01T19:37:06,143
2012-08-01T19:37:12,144
2012-08-01T19:37:18,142
2012-08-01T19:37:24,156
2012-08-01T19:37:31,218
2012-08-01T19:37:43,222
2012-08-01T19:37:49,227
2012-08-01T19:38:01,227
2012-08-01T19:38:07,228
2012-08-01T19:38:13,223
2012-08-01T19:38:19,223
2012-08-01T19:38:25,229
2012-08-01T19:38:32,230
2012-08-01T19:38:38,238
2012-08-01T19:38:44,225
2012-08-01T19:38:50,224
2012-08-01T19:39:02,220
2012-08-01T19:39:08,225
2012-08-01T19:39:14,220
2012-08-01T19:39:20,220
2012-08-01T19:39:26,221
2012-08-01T19:39:32,220
2012-08-01T19:39:38,222
2012-08-01T19:39:44,221
2012-08-01T19:39:50,218
2012-08-01T19:39:57,218
2012-08-01T19:40:03,220
2012-08-01T19:40:09,222
2012-08-01T19:40:15,219
2012-08-01T19:40:27,219
2012-08-01T19:40:33,221
2012-08-01T19:40:39,197
2012-08-01T19:40:45,195
2012-08-01T19:40:51,219
2012-08-01T19:40:57,217
2012-08-01T19:41:10,219
2012-08-01T19:41:16,217
2012-08-01T19:41:22,195
2012-08-01T19:41:28,219
2012-08-01T19:41:34,218
2012-08-01T19:41:40,194
2012-08-01T19:41:52,213
2012-08-01T19:41:58,196
2012-08-01T19:42:04,218
2012-08-01T19:42:16,219
2012-08-01T19:42:22,191
2012-08-01T19:42:28,217
2012-08-01T19:42:34,193
2012-08-01T19:42:40,219
2012-08-01T19:42:47,193
2012-08-01T19:42:53,212
2012-08-01T19:42:59,200
2012-08-01T19:43:05,208
2012-08-01T19:43:11,216
2012-08-01T19:43:17,196
2012-08-01T19:43:23,220
2012-08-01T19:43:29,206
2012-08-01T19:43:35,229
2012-08-01T19:43:41,220
2012-08-01T19:43:48,228
2012-08-01T19:44:00,215
2012-08-01T19:44:06,196
2012-08-01T19:44:12,198
2012-08-01T19:44:18,218
2012-08-01T19:44:24,212
2012-08-01T19:44:30,194
2012-08-01T19:44:42,222
2012-08-01T19:44:48,210
2012-08-01T19:44:54,200
2012-08-01T19:45:00,213
2012-08-01T19:45:06,219
2012-08-01T19:45:13,197
2012-08-01T19:45:19,195
2012-08-01T19:45:25,196
2012-08-01T19:45:31,211
2012-08-01T19:45:37,217
2012-08-01T19:45:43,218
2012-08-01T19:45:49,222
2012-08-01T19:45:55,216
2012-08-01T19:46:01,217
2012-08-01T19:46:07,220
2012-08-01T19:46:13,220
2012-08-01T19:46:19,211
2012-08-01T19:46:25,195
2012-08-01T19:46:32,194
2012-08-01T19:46:38,196
2012-08-01T19:46:49,218
2012-08-01T19:46:55,218
2012-08-01T19:47:02,221
2012-08-01T19:47:08,220
2012-08-01T19:47:14,220
2012-08-01T19:47:20,217
2012-08-01T19:47:26,211
2012-08-01T19:47:32,219
2012-08-01T19:47:38,215
2012-08-01T19:47:44,199
2012-08-01T19:47:50,378
2012-08-01T19:47:56,383
2012-08-01T19:48:02,426
2012-08-01T19:48:14,433
2012-08-01T19:48:21,422
2012-08-01T19:48:27,413
2012-08-01T19:48:33,426
2012-08-01T19:48:39,425
2012-08-01T19:48:45,402
2012-08-01T19:48:51,414
2012-08-01T19:48:57,405
2012-08-01T19:49:03,389
2012-08-01T19:49:09,403
2012-08-01T19:49:15,380
2012-08-01T19:49:21,397
2012-08-01T19:49:27,392
2012-08-01T19:49:33,375
2012-08-01T19:49:39,379
2012-08-01T19:49:45,359
2012-08-01T19:49:51,388
2012-08-01T19:49:57,382
2012-08-01T19:50:03,361
2012-08-01T19:50:09,375
2012-08-01T19:50:16,363
2012-08-01T19:50:22,375
2012-08-01T19:50:28,359
2012-08-01T19:50:34,357
2012-08-01T19:50:40,346
2012-08-01T19:50:46,345
2012-08-01T19:50:52,353
2012-08-01T19:50:58,349
2012-08-01T19:51:04,348
2012-08-01T19:51:10,351
2012-08-01T19:51:16,349
2012-08-01T19:51:22,356
2012-08-01T19:51:29,349
2012-08-01T19:51:35,361
2012-08-01T19:51:41,342
2012-08-01T19:51:47,359
2012-08-01T19:51:53,352
2012-08-01T19:51:59,345
2012-08-01T19:52:05,340
2012-08-01T19:52:11,351
2012-08-01T19:52:17,345
2012-08-01T19:52:23,341
2012-08-01T19:52:29,351
2012-08-01T19:52:36,351
2012-08-01T19:52:42,344
2012-08-01T19:52:54,355
2012-08-01T19:53:00,342
2012-08-01T19:53:06,344
2012-08-01T19:53:12,351
2012-08-01T19:53:18,336
2012-08-01T19:53:24,345
2012-08-01T19:53:36,355
2012-08-01T19:53:43,338
2012-08-01T19:53:48,347
2012-08-01T19:53:55,334
2012-08-01T19:54:01,348
2012-08-01T19:54:07,338
2012-08-01T19:54:19,335
2012-08-01T19:54:25,346
2012-08-01T19:54:38,345
2012-08-01T19:54:44,337
2012-08-01T19:54:50,343
2012-08-01T19:54:56,344
2012-08-01T19:55:02,347
2012-08-01T19:55:08,341
2012-08-01T19:55:14,354
2012-08-01T19:55:20,344
2012-08-01T19:55:26,341
2012-08-01T19:55:32,347
2012-08-01T19:55:38,340
2012-08-01T19:55:44,343
2012-08-01T19:55:50,346
2012-08-01T19:55:56,344
2012-08-01T19:56:02,338
2012-08-01T19:56:08,348
2012-08-01T19:56:14,341
2012-08-01T19:56:21,344
2012-08-01T19:56:27,349
2012-08-01T19:56:33,349
2012-08-01T19:56:38,336
2012-08-01T19:56:45,239
2012-08-01T19:56:51,233
2012-08-01T19:56:57,238
2012-08-01T19:57:02,231
2012-08-01T19:57:09,233
2012-08-01T19:57:15,238
2012-08-01T19:57:21,233
2012-08-01T19:57:27,230
2012-08-01T19:57:33,235
2012-08-01T19:57:39,230
2012-08-01T19:57:52,231
2012-08-01T19:57:58,244
2012-08-01T19:58:04,244
2012-08-01T19:58:10,240
2012-08-01T19:58:16,240
2012-08-01T19:58:22,235
2012-08-01T19:58:28,242
2012-08-01T19:58:34,238
2012-08-01T19:58:40,235
2012-08-01T19:58:46,243
2012-08-01T19:58:58,239
2012-08-01T19:59:04,243
2012-08-01T19:59:10,243
2012-08-01T19:59:16,246
2012-08-01T19:59:22,247
2012-08-01T19:59:28,238
2012-08-01T19:59:41,242
2012-08-01T19:59:46,235
2012-08-01T19:59:53,233
2012-08-01T19:59:59,241
2012-08-01T20:00:05,243
2012-08-01T20:00:10,240
2012-08-01T20:00:17,235
2012-08-01T20:00:23,243
2012-08-01T20:00:29,234
2012-08-01T20:00:35,240
2012-08-01T20:00:41,233
2012-08-01T20:00:47,235
2012-08-01T20:00:53,232
2012-08-01T20:00:59,241
2012-08-01T20:01:05,247
2012-08-01T20:01:11,244
2012-08-01T20:01:17,239
2012-08-01T20:01:23,250
2012-08-01T20:01:29,238
2012-08-01T20:01:35,250
2012-08-01T20:01:42,244
2012-08-01T20:01:48,242
2012-08-01T20:01:54,239
2012-08-01T20:02:00,233
2012-08-01T20:02:06,245
2012-08-01T20:02:12,236
2012-08-01T20:02:19,241
2012-08-01T20:02:25,238
2012-08-01T20:02:31,250
2012-08-01T20:02:37,233
2012-08-01T20:02:43,244
2012-08-01T20:02:49,245
2012-08-01T20:02:55,230
2012-08-01T20:03:01,229
2012-08-01T20:03:13,241
2012-08-01T20:03:19,234
2012-08-01T20:03:25,243
2012-08-01T20:03:31,240
2012-08-01T20:03:37,234
2012-08-01T20:03:43,236
2012-08-01T20:03:49,238
2012-08-01T20:03:55,244
2012-08-01T20:04:01,255
2012-08-01T20:04:07,238
2012-08-01T20:04:14,240
2012-08-01T20:04:20,243
2012-08-01T20:04:25,236
2012-08-01T20:04:32,232
2012-08-01T20:04:38,233
2012-08-01T20:04:44,242
2012-08-01T20:04:50,242
2012-08-01T20:04:56,249
2012-08-01T20:05:02,242
2012-08-01T20:05:08,238
2012-08-01T20:05:14,239
2012-08-01T20:05:20,238
2012-08-01T20:05:26,249
2012-08-01T20:05:32,242
2012-08-01T20:05:45,233
2012-08-01T20:05:50,230
2012-08-01T20:05:56,240
2012-08-01T20:06:02,242
2012-08-01T20:06:08,232
2012-08-01T20:06:14,233
2012-08-01T20:06:20,235
2012-08-01T20:06:26,245
2012-08-01T20:06:32,242
2012-08-01T20:06:38,240
2012-08-01T20:06:44,244
2012-08-01T20:06:51,238
2012-08-01T20:06:57,238
2012-08-01T20:07:03,243
2012-08-01T20:07:09,250
2012-08-01T20:07:15,255
2012-08-01T20:07:21,243
2012-08-01T20:07:27,424
2012-08-01T20:07:33,434
2012-08-01T20:07:39,422
2012-08-01T20:07:45,431
2012-08-01T20:07:51,420
2012-08-01T20:07:57,424
2012-08-01T20:08:03,426
2012-08-01T20:08:09,417
2012-08-01T20:08:16,415
2012-08-01T20:08:21,413
2012-08-01T20:08:27,419
2012-08-01T20:08:34,395
2012-08-01T20:08:40,402
2012-08-01T20:08:46,399
2012-08-01T20:08:52,395
2012-08-01T20:08:58,379
2012-08-01T20:09:04,382
2012-08-01T20:09:10,385
2012-08-01T20:09:16,375
2012-08-01T20:09:22,367
2012-08-01T20:09:28,375
2012-08-01T20:09:34,354
2012-08-01T20:09:40,369
2012-08-01T20:09:46,354
2012-08-01T20:09:52,356
2012-08-01T20:09:59,357
2012-08-01T20:10:05,367
2012-08-01T20:10:11,355
2012-08-01T20:10:17,343
2012-08-01T20:10:23,352
2012-08-01T20:10:29,358
2012-08-01T20:10:35,366
2012-08-01T20:10:47,342
2012-08-01T20:10:54,356
2012-08-01T20:11:06,347
2012-08-01T20:11:12,344
2012-08-01T20:11:18,348
2012-08-01T20:11:24,345
2012-08-01T20:11:30,356
2012-08-01T20:11:35,341
2012-08-01T20:11:42,351
2012-08-01T20:11:48,346
2012-08-01T20:11:54,349
2012-08-01T20:12:00,347
2012-08-01T20:12:06,354
2012-08-01T20:12:12,340
2012-08-01T20:12:18,347
2012-08-01T20:12:24,[]
2012-08-01T20:12:24,354
2012-08-01T20:12:30,345
2012-08-01T20:12:34,[]
2012-08-01T20:12:36,349
2012-08-01T20:12:42,340
2012-08-01T20:12:44,[]
2012-08-01T20:12:48,353
2012-08-01T20:12:54,[]
2012-08-01T20:12:54,341
2012-08-01T20:13:00,355
2012-08-01T20:13:04,[]
2012-08-01T20:13:06,353
2012-08-01T20:13:13,347
2012-08-01T20:13:14,[]
2012-08-01T20:13:19,351
2012-08-01T20:13:24,[]
2012-08-01T20:13:25,345
2012-08-01T20:13:31,353
2012-08-01T20:13:34,[]
2012-08-01T20:13:37,346
2012-08-01T20:13:43,353
2012-08-01T20:13:44,[]
2012-08-01T20:13:49,353
2012-08-01T20:13:54,[]
2012-08-01T20:13:55,344
2012-08-01T20:14:01,355
2012-08-01T20:14:04,[]
2012-08-01T20:14:07,356
2012-08-01T20:14:13,346
2012-08-01T20:14:14,[]
2012-08-01T20:14:19,341
2012-08-01T20:14:24,[]
2012-08-01T20:14:25,343
2012-08-01T20:14:32,343
2012-08-01T20:14:34,[]
2012-08-01T20:14:38,347
2012-08-01T20:14:43,358
2012-08-01T20:14:44,[]
2012-08-01T20:14:49,347
2012-08-01T20:14:54,[]
2012-08-01T20:14:55,344
2012-08-01T20:15:04,[]
2012-08-01T20:15:07,340
2012-08-01T20:15:13,353
2012-08-01T20:15:14,[]
2012-08-01T20:15:19,341
2012-08-01T20:15:24,[]
2012-08-01T20:15:31,337
2012-08-01T20:15:34,[]
2012-08-01T20:15:37,354
2012-08-01T20:15:43,338
2012-08-01T20:15:44,[]
2012-08-01T20:15:50,240
2012-08-01T20:15:54,[]
2012-08-01T20:15:55,243
2012-08-01T20:16:01,238
2012-08-01T20:16:04,[]
2012-08-01T20:16:08,242
2012-08-01T20:16:14,231
2012-08-01T20:16:14,[]
2012-08-01T20:16:20,227
2012-08-01T20:16:24,[]
2012-08-01T20:16:26,242
2012-08-01T20:16:32,241
2012-08-01T20:16:34,[]
2012-08-01T20:16:38,231
2012-08-01T20:16:44,[]
2012-08-01T20:16:44,239
2012-08-01T20:16:50,234
2012-08-01T20:16:54,[]
2012-08-01T20:16:56,236
2012-08-01T20:17:02,243
2012-08-01T20:17:04,[]
2012-08-01T20:17:08,240
2012-08-01T20:17:14,[]
2012-08-01T20:17:15,240
2012-08-01T20:17:21,232
2012-08-01T20:17:24,[]
2012-08-01T20:17:27,243
2012-08-01T20:17:34,[]
2012-08-01T20:17:39,241
2012-08-01T20:17:44,[]
2012-08-01T20:17:45,233
2012-08-01T20:17:51,242
2012-08-01T20:17:54,[]
2012-08-01T20:18:03,241
2012-08-01T20:18:04,[]
2012-08-01T20:18:09,246
2012-08-01T20:18:14,[]
2012-08-01T20:18:15,239
2012-08-01T20:18:21,244
2012-08-01T20:18:24,[]
2012-08-01T20:18:27,246
2012-08-01T20:18:33,242
2012-08-01T20:18:34,[]
2012-08-01T20:18:44,[]
2012-08-01T20:18:45,229
2012-08-01T20:18:52,246
2012-08-01T20:18:54,[]
2012-08-01T20:19:04,242
2012-08-01T20:19:04,[]
2012-08-01T20:19:10,236
2012-08-01T20:19:14,[]
2012-08-01T20:19:16,230
2012-08-01T20:19:22,241
2012-08-01T20:19:24,[]
2012-08-01T20:19:28,238
2012-08-01T20:19:34,[]
2012-08-01T20:19:34,252
2012-08-01T20:19:40,239
2012-08-01T20:19:44,[]
2012-08-01T20:19:46,236
2012-08-01T20:19:52,233
2012-08-01T20:19:54,[]
2012-08-01T20:19:58,239
2012-08-01T20:20:04,[]
2012-08-01T20:20:04,239
2012-08-01T20:20:10,241
2012-08-01T20:20:14,[]
2012-08-01T20:20:16,246
2012-08-01T20:20:22,250
2012-08-01T20:20:24,[]
2012-08-01T20:20:28,238
2012-08-01T20:20:34,[]
2012-08-01T20:20:34,247
2012-08-01T20:20:40,232
2012-08-01T20:20:44,[]
2012-08-01T20:20:46,249
2012-08-01T20:20:52,240
2012-08-01T20:20:54,[]
2012-08-01T20:20:58,236
2012-08-01T20:21:04,[]
2012-08-01T20:21:05,251
2012-08-01T20:21:10,238
2012-08-01T20:21:14,[]
2012-08-01T20:21:17,258
2012-08-01T20:21:23,239
2012-08-01T20:21:24,[]
2012-08-01T20:21:29,245
2012-08-01T20:21:34,[]
2012-08-01T20:21:35,252
2012-08-01T20:21:41,176
2012-08-01T20:21:44,[]
2012-08-01T20:21:47,180
2012-08-01T20:21:53,174
2012-08-01T20:21:54,[]
2012-08-01T20:21:59,179
2012-08-01T20:22:04,[]
2012-08-01T20:22:06,180
2012-08-01T20:22:14,[]
2012-08-01T20:22:18,181
2012-08-01T20:22:24,175
2012-08-01T20:22:24,[]
2012-08-01T20:22:30,176
2012-08-01T20:22:34,[]
2012-08-01T20:22:36,180
2012-08-01T20:22:42,174
2012-08-01T20:22:44,[]
2012-08-01T20:22:48,186
2012-08-01T20:22:54,[]
2012-08-01T20:22:54,173
2012-08-01T20:23:00,179
2012-08-01T20:23:04,[]
2012-08-01T20:23:07,173
2012-08-01T20:23:14,[]
2012-08-01T20:23:19,180
2012-08-01T20:23:24,[]
2012-08-01T20:23:25,173
2012-08-01T20:23:31,178
2012-08-01T20:23:34,[]
2012-08-01T20:23:37,184
2012-08-01T20:23:43,181
2012-08-01T20:23:44,[]
2012-08-01T20:23:49,177
2012-08-01T20:23:54,[]
2012-08-01T20:24:01,173
2012-08-01T20:24:04,[]
2012-08-01T20:24:07,173
2012-08-01T20:24:13,177
2012-08-01T20:24:14,[]
2012-08-01T20:24:19,176
2012-08-01T20:24:24,[]
2012-08-01T20:24:26,172
2012-08-01T20:24:32,172
2012-08-01T20:24:34,[]
2012-08-01T20:24:44,172
2012-08-01T20:24:44,[]
2012-08-01T20:24:50,173
2012-08-01T20:24:54,[]
2012-08-01T20:24:56,171
2012-08-01T20:25:04,[]
2012-08-01T20:25:08,170
2012-08-01T20:25:14,[]
2012-08-01T20:25:14,173
2012-08-01T20:25:20,174
2012-08-01T20:25:24,[]
2012-08-01T20:25:26,175
2012-08-01T20:25:32,176
2012-08-01T20:25:34,[]
2012-08-01T20:25:38,180
2012-08-01T20:25:44,[]
2012-08-01T20:25:50,176
2012-08-01T20:25:54,[]
2012-08-01T20:25:56,173
2012-08-01T20:26:02,179
2012-08-01T20:26:04,[]
2012-08-01T20:26:09,179
2012-08-01T20:26:14,[]
2012-08-01T20:26:15,180
2012-08-01T20:26:24,[]
2012-08-01T20:26:27,172
2012-08-01T20:26:33,177
2012-08-01T20:26:34,[]
2012-08-01T20:26:39,178
2012-08-01T20:26:44,[]
2012-08-01T20:26:51,222
2012-08-01T20:26:54,[]
2012-08-01T20:26:58,223
2012-08-01T20:27:04,436
2012-08-01T20:27:04,[]
2012-08-01T20:27:10,434
2012-08-01T20:27:14,[]
2012-08-01T20:27:16,453
2012-08-01T20:27:22,427
2012-08-01T20:27:24,[]
2012-08-01T20:27:28,435
2012-08-01T20:27:34,[]
2012-08-01T20:27:34,425
2012-08-01T20:27:40,427
2012-08-01T20:27:44,[]
2012-08-01T20:27:46,416
2012-08-01T20:27:52,412
2012-08-01T20:27:54,[]
2012-08-01T20:27:58,412
2012-08-01T20:28:04,[]
2012-08-01T20:28:04,414
2012-08-01T20:28:10,408
2012-08-01T20:28:14,[]
2012-08-01T20:28:16,403
2012-08-01T20:28:22,398
2012-08-01T20:28:24,[]
2012-08-01T20:28:28,393
2012-08-01T20:28:34,[]
2012-08-01T20:28:40,310
2012-08-01T20:28:44,[]
2012-08-01T20:28:46,308
2012-08-01T20:28:52,302
2012-08-01T20:28:54,[]
2012-08-01T20:28:58,303
2012-08-01T20:29:04,[]
2012-08-01T20:29:05,299
2012-08-01T20:29:11,300
2012-08-01T20:29:14,[]
2012-08-01T20:29:23,286
2012-08-01T20:29:24,[]
2012-08-01T20:29:29,286
2012-08-01T20:29:34,[]
2012-08-01T20:29:35,287
2012-08-01T20:29:41,287
2012-08-01T20:29:44,[]
2012-08-01T20:29:47,291
2012-08-01T20:29:53,287
2012-08-01T20:29:54,[]
2012-08-01T20:30:04,[]
2012-08-01T20:30:05,286
2012-08-01T20:30:12,278
2012-08-01T20:30:14,[]
2012-08-01T20:30:18,286
2012-08-01T20:30:24,[]
2012-08-01T20:30:24,279
2012-08-01T20:30:30,288
2012-08-01T20:30:34,[]
2012-08-01T20:30:36,285
2012-08-01T20:30:42,285
2012-08-01T20:30:44,[]
2012-08-01T20:30:48,281
2012-08-01T20:30:55,291
2012-08-01T20:31:00,289
2012-08-01T20:31:07,285
2012-08-01T20:31:13,279
2012-08-01T20:31:19,289
2012-08-01T20:31:25,280
2012-08-01T20:31:31,284
2012-08-01T20:31:37,278
2012-08-01T20:31:43,289
2012-08-01T20:31:50,287
2012-08-01T20:31:56,284
2012-08-01T20:32:08,279
2012-08-01T20:32:14,283
2012-08-01T20:32:20,277
2012-08-01T20:32:26,263
2012-08-01T20:32:32,283
2012-08-01T20:32:38,278
2012-08-01T20:32:44,281
2012-08-01T20:32:51,274
2012-08-01T20:32:57,280
2012-08-01T20:33:03,283
2012-08-01T20:33:09,283
2012-08-01T20:33:15,277
2012-08-01T20:33:21,278
2012-08-01T20:33:28,278
2012-08-01T20:33:34,285
2012-08-01T20:33:40,284
2012-08-01T20:33:46,280
2012-08-01T20:33:52,284
2012-08-01T20:33:58,283
2012-08-01T20:34:04,284
2012-08-01T20:34:10,281
2012-08-01T20:34:16,292
2012-08-01T20:34:22,276
2012-08-01T20:34:28,284
2012-08-01T20:34:34,275
2012-08-01T20:34:40,289
2012-08-01T20:34:47,285
2012-08-01T20:34:53,278
2012-08-01T20:34:59,277
2012-08-01T20:35:05,283
2012-08-01T20:35:11,287
2012-08-01T20:35:17,287
2012-08-01T20:35:23,284
2012-08-01T20:35:29,279
2012-08-01T20:35:35,218
2012-08-01T20:35:41,173
2012-08-01T20:35:47,168
2012-08-01T20:35:53,170
2012-08-01T20:36:00,168
2012-08-01T20:36:05,170
2012-08-01T20:36:12,170
2012-08-01T20:36:18,168
2012-08-01T20:36:24,171
2012-08-01T20:36:30,173
2012-08-01T20:36:36,181
2012-08-01T20:36:42,170
2012-08-01T20:36:48,169
2012-08-01T20:36:54,172
2012-08-01T20:37:00,172
2012-08-01T20:37:06,172
2012-08-01T20:37:12,167
2012-08-01T20:37:19,169
2012-08-01T20:37:25,169
2012-08-01T20:37:31,171
2012-08-01T20:37:37,176
2012-08-01T20:37:43,171
2012-08-01T20:37:49,174
2012-08-01T20:38:01,170
2012-08-01T20:38:07,169
2012-08-01T20:38:13,171
2012-08-01T20:38:19,168
2012-08-01T20:38:25,173
2012-08-01T20:38:31,172
2012-08-01T20:38:37,172
2012-08-01T20:38:44,172
2012-08-01T20:38:50,172
2012-08-01T20:38:55,166
2012-08-01T20:39:08,170
2012-08-01T20:39:14,169
2012-08-01T20:39:20,176
2012-08-01T20:39:26,166
2012-08-01T20:39:32,168
2012-08-01T20:39:38,177
2012-08-01T20:39:50,167
2012-08-01T20:39:56,167
2012-08-01T20:40:09,174
2012-08-01T20:40:15,166
2012-08-01T20:40:21,168
2012-08-01T20:40:27,174
2012-08-01T20:40:33,174
2012-08-01T20:40:39,172
2012-08-01T20:40:51,173
2012-08-01T20:40:57,172
2012-08-01T20:41:10,173
2012-08-01T20:41:16,167
2012-08-01T20:41:22,262
2012-08-01T20:41:28,269
2012-08-01T20:41:34,262
2012-08-01T20:41:40,264
2012-08-01T20:41:46,267
2012-08-01T20:41:52,261
2012-08-01T20:41:58,266
2012-08-01T20:42:04,264
2012-08-01T20:42:10,263
2012-08-01T20:42:16,263
2012-08-01T20:42:22,265
2012-08-01T20:42:28,267
2012-08-01T20:42:34,273
2012-08-01T20:42:40,258
2012-08-01T20:42:46,262
2012-08-01T20:42:52,267
2012-08-01T20:42:59,262
2012-08-01T20:43:05,264
2012-08-01T20:43:11,266
2012-08-01T20:43:17,268
2012-08-01T20:43:23,263
2012-08-01T20:43:29,265
2012-08-01T20:43:41,266
2012-08-01T20:43:47,552
2012-08-01T20:43:54,1830
2012-08-01T20:44:00,1844
2012-08-01T20:44:06,1816
2012-08-01T20:44:13,1825
2012-08-01T20:44:19,1829
2012-08-01T20:44:25,1829
2012-08-01T20:44:32,1812
2012-08-01T20:44:38,1835
2012-08-01T20:44:45,1834
2012-08-01T20:44:57,1829
2012-08-01T20:45:04,1834
2012-08-01T20:45:10,1833
2012-08-01T20:45:17,1850
2012-08-01T20:45:23,1828
2012-08-01T20:45:29,1816
2012-08-01T20:45:36,1835
2012-08-01T20:45:42,1842
2012-08-01T20:45:55,298
2012-08-01T20:46:01,297
2012-08-01T20:46:07,290
2012-08-01T20:46:13,286
2012-08-01T20:46:19,295
2012-08-01T20:46:25,295
2012-08-01T20:46:31,295
2012-08-01T20:46:37,287
2012-08-01T20:46:43,491
2012-08-01T20:46:49,485
2012-08-01T20:46:56,493
2012-08-01T20:47:02,485
2012-08-01T20:47:08,495
2012-08-01T20:47:14,493
2012-08-01T20:47:20,495
2012-08-01T20:47:25,476
2012-08-01T20:47:31,480
2012-08-01T20:47:38,480
2012-08-01T20:47:43,481
2012-08-01T20:47:49,473
2012-08-01T20:48:02,457
2012-08-01T20:48:08,451
2012-08-01T20:48:14,466
2012-08-01T20:48:20,1854
2012-08-01T20:48:27,1888
2012-08-01T20:48:33,1826
2012-08-01T20:48:40,1841
2012-08-01T20:48:46,1826
2012-08-01T20:48:59,1914
2012-08-01T20:49:05,1920
2012-08-01T20:49:12,1918
2012-08-01T20:49:18,423
2012-08-01T20:49:24,420
2012-08-01T20:49:30,410
2012-08-01T20:49:36,424
2012-08-01T20:49:42,416
2012-08-01T20:49:48,411
2012-08-01T20:49:55,442
2012-08-01T20:50:01,443
2012-08-01T20:50:07,432
2012-08-01T20:50:13,417
2012-08-01T20:50:19,410
2012-08-01T20:50:25,409
2012-08-01T20:50:31,411
2012-08-01T20:50:37,409
2012-08-01T20:50:43,415
2012-08-01T20:50:49,433
2012-08-01T20:50:55,436
2012-08-01T20:51:02,434
2012-08-01T20:51:08,421
2012-08-01T20:51:14,421
2012-08-01T20:51:20,417
2012-08-01T20:51:26,427
2012-08-01T20:51:32,419
2012-08-01T20:51:38,420
2012-08-01T20:51:44,424
2012-08-01T20:51:50,411
2012-08-01T20:51:56,420
2012-08-01T20:52:02,425
2012-08-01T20:52:08,415
2012-08-01T20:52:14,426
2012-08-01T20:52:20,410
2012-08-01T20:52:26,422
2012-08-01T20:52:32,425
2012-08-01T20:52:38,412
2012-08-01T20:52:45,430
2012-08-01T20:52:51,410
2012-08-01T20:52:57,421
2012-08-01T20:53:03,417
2012-08-01T20:53:09,417
2012-08-01T20:53:15,415
2012-08-01T20:53:21,416
2012-08-01T20:53:27,421
2012-08-01T20:53:33,423
2012-08-01T20:53:45,419
2012-08-01T20:53:51,422
2012-08-01T20:54:03,417
2012-08-01T20:54:09,426
2012-08-01T20:54:15,415
2012-08-01T20:54:27,427
2012-08-01T20:54:34,424
2012-08-01T20:54:40,416
2012-08-01T20:54:46,414
2012-08-01T20:54:52,423
2012-08-01T20:54:58,425
2012-08-01T20:55:04,427
2012-08-01T20:55:10,420
2012-08-01T20:55:16,291
2012-08-01T20:55:22,296
2012-08-01T20:55:28,300
2012-08-01T20:55:34,298
2012-08-01T20:55:40,309
2012-08-01T20:55:46,309
2012-08-01T20:55:52,306
2012-08-01T20:55:58,307
2012-08-01T20:56:04,308
2012-08-01T20:56:10,303
2012-08-01T20:56:16,306
2012-08-01T20:56:22,318
2012-08-01T20:56:28,313
2012-08-01T20:56:40,307
2012-08-01T20:56:46,312
2012-08-01T20:56:52,317
2012-08-01T20:56:58,313
2012-08-01T20:57:04,307
2012-08-01T20:57:10,288
2012-08-01T20:57:16,303
2012-08-01T20:57:22,313
2012-08-01T20:57:28,296
2012-08-01T20:57:34,306
2012-08-01T20:57:40,303
2012-08-01T20:57:47,314
2012-08-01T20:57:53,315
2012-08-01T20:57:59,304
2012-08-01T20:58:05,301
2012-08-01T20:58:11,289
2012-08-01T20:58:17,299
2012-08-01T20:58:23,307
2012-08-01T20:58:29,303
2012-08-01T20:58:35,307
2012-08-01T20:58:42,309
2012-08-01T20:58:48,307
2012-08-01T20:58:54,304
2012-08-01T20:59:00,311
2012-08-01T20:59:12,318
2012-08-01T20:59:18,314
2012-08-01T20:59:30,309
2012-08-01T20:59:36,307
2012-08-01T20:59:42,309
2012-08-01T20:59:49,302
2012-08-01T20:59:54,296
2012-08-01T21:00:01,304
2012-08-01T21:00:13,304
2012-08-01T21:00:19,312
2012-08-01T21:00:25,309
2012-08-01T21:00:31,311
2012-08-01T21:00:37,303
2012-08-01T21:00:43,307
2012-08-01T21:00:49,314
2012-08-01T21:00:55,304
2012-08-01T21:01:01,302
2012-08-01T21:01:08,304
2012-08-01T21:01:14,311
2012-08-01T21:01:20,314
2012-08-01T21:01:26,302
2012-08-01T21:01:32,302
2012-08-01T21:01:38,315
2012-08-01T21:01:44,311
2012-08-01T21:01:50,300
2012-08-01T21:01:56,301
2012-08-01T21:02:02,307
2012-08-01T21:02:08,312
2012-08-01T21:02:14,320
2012-08-01T21:02:21,314
2012-08-01T21:02:26,318
2012-08-01T21:02:32,315
2012-08-01T21:02:38,314
2012-08-01T21:02:45,320
2012-08-01T21:02:51,327
2012-08-01T21:02:57,327
2012-08-01T21:03:03,320
2012-08-01T21:03:09,310
2012-08-01T21:03:15,326
2012-08-01T21:03:21,322
2012-08-01T21:03:27,315
2012-08-01T21:03:33,326
2012-08-01T21:03:39,331
2012-08-01T21:03:45,331
2012-08-01T21:03:51,315
2012-08-01T21:03:57,329
2012-08-01T21:04:03,314
2012-08-01T21:04:09,317
2012-08-01T21:04:15,332
2012-08-01T21:04:21,319
2012-08-01T21:04:28,315
2012-08-01T21:04:34,326
2012-08-01T21:04:40,320
2012-08-01T21:04:46,313
2012-08-01T21:04:52,326
2012-08-01T21:04:58,324
2012-08-01T21:05:04,313
2012-08-01T21:05:16,319
2012-08-01T21:05:23,317
2012-08-01T21:05:35,514
2012-08-01T21:05:41,501
2012-08-01T21:05:47,502
2012-08-01T21:05:53,521
2012-08-01T21:05:59,507
2012-08-01T21:06:05,512
2012-08-01T21:06:11,512
2012-08-01T21:06:17,490
2012-08-01T21:06:23,495
2012-08-01T21:06:30,498
2012-08-01T21:06:36,489
2012-08-01T21:06:42,489
2012-08-01T21:06:48,484
2012-08-01T21:07:00,474
2012-08-01T21:07:06,467
2012-08-01T21:07:12,457
2012-08-01T21:07:19,465
2012-08-01T21:07:25,460
2012-08-01T21:07:31,449
2012-08-01T21:07:37,456
2012-08-01T21:07:43,454
2012-08-01T21:07:49,443
2012-08-01T21:07:56,450
2012-08-01T21:08:01,448
2012-08-01T21:08:08,444
2012-08-01T21:08:14,439
2012-08-01T21:08:20,447
2012-08-01T21:08:26,431
2012-08-01T21:08:32,437
2012-08-01T21:08:38,439
2012-08-01T21:08:44,447
2012-08-01T21:08:50,447
2012-08-01T21:08:56,426
2012-08-01T21:09:08,446
2012-08-01T21:09:14,440
2012-08-01T21:09:20,431
2012-08-01T21:09:26,436
2012-08-01T21:09:32,431
2012-08-01T21:09:39,431
2012-08-01T21:09:45,442
2012-08-01T21:09:51,438
2012-08-01T21:09:57,437
2012-08-01T21:10:03,439
2012-08-01T21:10:09,439
2012-08-01T21:10:15,444
2012-08-01T21:10:21,432
2012-08-01T21:10:33,433
2012-08-01T21:10:39,444
2012-08-01T21:10:45,443
2012-08-01T21:10:51,427
2012-08-01T21:10:58,446
2012-08-01T21:11:04,439
2012-08-01T21:11:10,432
2012-08-01T21:11:16,446
2012-08-01T21:11:22,442
2012-08-01T21:11:28,428
2012-08-01T21:11:34,436
2012-08-01T21:11:40,448
2012-08-01T21:11:46,431
2012-08-01T21:11:52,449
2012-08-01T21:11:58,437
2012-08-01T21:12:05,432
2012-08-01T21:12:11,437
2012-08-01T21:12:17,447
2012-08-01T21:12:23,434
2012-08-01T21:12:29,438
2012-08-01T21:12:35,422
2012-08-01T21:12:41,453
2012-08-01T21:12:47,431
2012-08-01T21:12:53,439
2012-08-01T21:12:59,442
2012-08-01T21:13:05,430
2012-08-01T21:13:11,446
2012-08-01T21:13:17,440
2012-08-01T21:13:23,437
2012-08-01T21:13:30,446
2012-08-01T21:13:36,446
2012-08-01T21:13:48,442
2012-08-01T21:13:54,437
2012-08-01T21:14:00,443
2012-08-01T21:14:06,318
2012-08-01T21:14:12,304
2012-08-01T21:14:18,319
2012-08-01T21:14:24,323
2012-08-01T21:14:30,314
2012-08-01T21:14:36,321
2012-08-01T21:14:42,313
2012-08-01T21:14:48,314
2012-08-01T21:14:54,324
2012-08-01T21:15:00,307
2012-08-01T21:15:07,304
2012-08-01T21:15:13,199
2012-08-01T21:15:19,201
2012-08-01T21:15:25,210
2012-08-01T21:15:43,207
2012-08-01T21:15:49,199
2012-08-01T21:15:55,198
2012-08-01T21:16:01,206
2012-08-01T21:16:07,198
2012-08-01T21:16:13,211
2012-08-01T21:16:19,208
2012-08-01T21:16:25,198
2012-08-01T21:16:31,199
2012-08-01T21:16:43,207
2012-08-01T21:16:49,198
2012-08-01T21:16:55,200
2012-08-01T21:17:07,199
2012-08-01T21:17:13,198
2012-08-01T21:17:19,202
2012-08-01T21:17:25,213
2012-08-01T21:17:31,208
2012-08-01T21:17:49,200
2012-08-01T21:17:55,197
2012-08-01T21:18:02,258
2012-08-01T21:18:07,263
2012-08-01T21:18:13,274
2012-08-01T21:18:19,268
2012-08-01T21:18:26,286
2012-08-01T21:18:32,263
2012-08-01T21:18:38,258
2012-08-01T21:18:44,254
2012-08-01T21:18:50,265
2012-08-01T21:18:56,262
2012-08-01T21:19:02,261
2012-08-01T21:19:08,264
2012-08-01T21:19:14,261
2012-08-01T21:19:20,261
2012-08-01T21:19:26,265
2012-08-01T21:19:32,258
2012-08-01T21:19:39,257
2012-08-01T21:19:45,264
2012-08-01T21:19:51,236
2012-08-01T21:19:56,206
2012-08-01T21:20:03,207
2012-08-01T21:20:09,206
2012-08-01T21:20:15,198
2012-08-01T21:20:21,202
2012-08-01T21:20:27,204
2012-08-01T21:20:33,204
2012-08-01T21:20:39,202
2012-08-01T21:20:45,199
2012-08-01T21:20:51,205
2012-08-01T21:20:57,201
2012-08-01T21:21:03,206
2012-08-01T21:21:10,204
2012-08-01T21:21:16,201
2012-08-01T21:21:28,200
2012-08-01T21:21:34,198
2012-08-01T21:21:40,197
2012-08-01T21:21:46,200
2012-08-01T21:21:52,202
2012-08-01T21:21:58,202
2012-08-01T21:22:04,201
2012-08-01T21:22:11,200
2012-08-01T21:22:17,202
2012-08-01T21:22:23,201
2012-08-01T21:22:29,206
2012-08-01T21:22:35,201
2012-08-01T21:22:41,202
2012-08-01T21:22:47,199
2012-08-01T21:22:53,200
2012-08-01T21:22:59,206
2012-08-01T21:23:05,206
2012-08-01T21:23:11,197
2012-08-01T21:23:17,200
2012-08-01T21:23:23,199
2012-08-01T21:23:29,200
2012-08-01T21:23:35,209
2012-08-01T21:23:42,196
2012-08-01T21:23:47,204
2012-08-01T21:23:54,200
2012-08-01T21:24:00,202
2012-08-01T21:24:06,199
2012-08-01T21:24:12,205
2012-08-01T21:24:18,201
2012-08-01T21:24:24,205
2012-08-01T21:24:30,209
2012-08-01T21:24:36,201
2012-08-01T21:24:42,198
2012-08-01T21:24:49,215
2012-08-01T21:24:54,206
2012-08-01T21:25:00,372
2012-08-01T21:25:07,383
2012-08-01T21:25:13,382
2012-08-01T21:25:19,399
2012-08-01T21:25:25,392
2012-08-01T21:25:31,397
2012-08-01T21:25:37,383
2012-08-01T21:25:43,391
2012-08-01T21:25:49,376
2012-08-01T21:25:55,371
2012-08-01T21:26:01,368
2012-08-01T21:26:08,370
2012-08-01T21:26:13,364
2012-08-01T21:26:26,349
2012-08-01T21:26:32,342
2012-08-01T21:26:38,334
2012-08-01T21:26:44,341
2012-08-01T21:26:50,336
2012-08-01T21:26:56,335
2012-08-01T21:27:02,323
2012-08-01T21:27:08,324
2012-08-01T21:27:15,324
2012-08-01T21:27:20,329
2012-08-01T21:27:27,326
2012-08-01T21:27:33,325
2012-08-01T21:27:39,324
2012-08-01T21:27:45,323
2012-08-01T21:27:51,324
2012-08-01T21:27:57,320
2012-08-01T21:28:03,314
2012-08-01T21:28:09,308
2012-08-01T21:28:16,309
2012-08-01T21:28:21,311
2012-08-01T21:28:28,311
2012-08-01T21:28:34,314
2012-08-01T21:28:40,312
2012-08-01T21:28:46,313
2012-08-01T21:28:52,312
2012-08-01T21:28:58,315
2012-08-01T21:29:04,313
2012-08-01T21:29:10,319
2012-08-01T21:29:16,311
2012-08-01T21:29:22,310
2012-08-01T21:29:28,306
2012-08-01T21:29:35,319
2012-08-01T21:29:41,318
2012-08-01T21:29:47,311
2012-08-01T21:29:59,312
2012-08-01T21:30:05,313
2012-08-01T21:30:17,318
2012-08-01T21:30:23,313
2012-08-01T21:30:29,315
2012-08-01T21:30:36,317
2012-08-01T21:30:42,319
2012-08-01T21:30:48,314
2012-08-01T21:31:00,318
2012-08-01T21:31:06,320
2012-08-01T21:31:12,314
2012-08-01T21:31:18,308
2012-08-01T21:31:24,318
2012-08-01T21:31:30,319
2012-08-01T21:31:36,314
2012-08-01T21:31:42,323
2012-08-01T21:31:48,321
2012-08-01T21:31:54,318
2012-08-01T21:32:00,311
2012-08-01T21:32:07,303
2012-08-01T21:32:13,310
2012-08-01T21:32:19,320
2012-08-01T21:32:25,330
2012-08-01T21:32:31,326
2012-08-01T21:32:37,324
2012-08-01T21:32:43,315
2012-08-01T21:32:49,312
2012-08-01T21:32:55,315
2012-08-01T21:33:01,307
2012-08-01T21:33:07,319
2012-08-01T21:33:13,315
2012-08-01T21:33:19,314
2012-08-01T21:33:26,293
2012-08-01T21:33:32,201
2012-08-01T21:33:38,197
2012-08-01T21:33:44,194
2012-08-01T21:33:50,196
2012-08-01T21:33:56,190
2012-08-01T21:34:02,191
2012-08-01T21:34:08,197
2012-08-01T21:34:14,200
2012-08-01T21:34:20,195
2012-08-01T21:34:26,200
2012-08-01T21:34:32,198
2012-08-01T21:34:38,197
2012-08-01T21:34:44,196
2012-08-01T21:34:51,197
2012-08-01T21:34:57,196
2012-08-01T21:35:03,199
2012-08-01T21:35:15,193
2012-08-01T21:35:21,191
2012-08-01T21:35:27,195
2012-08-01T21:35:34,193
2012-08-01T21:35:40,189
2012-08-01T21:35:45,191
2012-08-01T21:35:58,191
2012-08-01T21:36:04,190
2012-08-01T21:36:10,190
2012-08-01T21:36:16,193
2012-08-01T21:36:22,200
2012-08-01T21:36:28,204
2012-08-01T21:36:34,198
2012-08-01T21:36:40,193
2012-08-01T21:36:46,194
2012-08-01T21:36:52,191
2012-08-01T21:36:58,190
2012-08-01T21:37:04,195
2012-08-01T21:37:11,199
2012-08-01T21:37:23,200
2012-08-01T21:37:29,200
2012-08-01T21:37:35,201
2012-08-01T21:37:41,204
2012-08-01T21:37:47,198
2012-08-01T21:37:53,201
2012-08-01T21:37:59,199
2012-08-01T21:38:05,191
2012-08-01T21:38:11,197
2012-08-01T21:38:18,196
2012-08-01T21:38:24,196
2012-08-01T21:38:30,195
2012-08-01T21:38:36,196
2012-08-01T21:38:42,197
2012-08-01T21:38:48,202
2012-08-01T21:38:54,199
2012-08-01T21:39:01,190
2012-08-01T21:39:07,195
2012-08-01T21:39:13,198
2012-08-01T21:39:19,205
2012-08-01T21:39:25,201
2012-08-01T21:39:31,197
2012-08-01T21:39:37,194
2012-08-01T21:39:43,197
2012-08-01T21:39:49,200
2012-08-01T21:39:55,191
2012-08-01T21:40:01,195
2012-08-01T21:40:07,202
2012-08-01T21:40:13,196
2012-08-01T21:40:19,194
2012-08-01T21:40:26,195
2012-08-01T21:40:32,198
2012-08-01T21:40:38,208
2012-08-01T21:40:44,201
2012-08-01T21:40:50,195
2012-08-01T21:40:56,194
2012-08-01T21:41:02,194
2012-08-01T21:41:08,195
2012-08-01T21:41:14,193
2012-08-01T21:41:20,195
2012-08-01T21:41:26,196
2012-08-01T21:41:32,197
2012-08-01T21:41:38,196
2012-08-01T21:41:44,195
2012-08-01T21:41:50,193
2012-08-01T21:41:57,200
2012-08-01T21:42:03,202
2012-08-01T21:42:09,199
2012-08-01T21:42:15,194
2012-08-01T21:42:21,200
2012-08-01T21:42:27,199
2012-08-01T21:42:39,195
2012-08-01T21:42:45,195
2012-08-01T21:42:51,194
2012-08-01T21:42:57,197
2012-08-01T21:43:03,198
2012-08-01T21:43:09,196
2012-08-01T21:43:22,194
2012-08-01T21:43:27,198
2012-08-01T21:43:33,205
2012-08-01T21:43:45,199
2012-08-01T21:43:51,195
2012-08-01T21:43:57,197
2012-08-01T21:44:03,194
2012-08-01T21:44:09,191
2012-08-01T21:44:15,189
2012-08-01T21:44:21,194
2012-08-01T21:44:27,193
2012-08-01T21:44:33,910
2012-08-01T21:44:40,388
2012-08-01T21:44:46,388
2012-08-01T21:44:52,378
2012-08-01T21:44:58,387
2012-08-01T21:45:04,389
2012-08-01T21:45:10,383
2012-08-01T21:45:16,385
2012-08-01T21:45:22,379
2012-08-01T21:45:28,365
2012-08-01T21:45:34,361
2012-08-01T21:45:41,360
2012-08-01T21:45:47,358
2012-08-01T21:45:53,359
2012-08-01T21:45:59,347
2012-08-01T21:46:05,340
2012-08-01T21:46:11,331
2012-08-01T21:46:17,317
2012-08-01T21:46:23,331
2012-08-01T21:46:29,334
2012-08-01T21:46:35,327
2012-08-01T21:46:41,321
2012-08-01T21:46:48,315
2012-08-01T21:46:54,314
2012-08-01T21:47:00,322
2012-08-01T21:47:06,323
2012-08-01T21:47:12,311
2012-08-01T21:47:18,302
2012-08-01T21:47:24,309
2012-08-01T21:47:30,318
2012-08-01T21:47:36,313
2012-08-01T21:47:42,313
2012-08-01T21:47:49,308
2012-08-01T21:47:55,301
2012-08-01T21:48:01,322
2012-08-01T21:48:07,323
2012-08-01T21:48:13,323
2012-08-01T21:48:19,329
2012-08-01T21:48:25,312
2012-08-01T21:48:31,317
2012-08-01T21:48:37,319
2012-08-01T21:48:43,329
2012-08-01T21:48:49,319
2012-08-01T21:48:56,318
2012-08-01T21:49:02,318
2012-08-01T21:49:08,318
2012-08-01T21:49:14,326
2012-08-01T21:49:26,322
2012-08-01T21:49:32,310
2012-08-01T21:49:44,312
2012-08-01T21:49:50,317
2012-08-01T21:49:56,318
2012-08-01T21:50:09,309
2012-08-01T21:50:15,315
2012-08-01T21:50:21,318
2012-08-01T21:50:27,324
2012-08-01T21:50:33,322
2012-08-01T21:50:39,326
2012-08-01T21:50:45,322
2012-08-01T21:50:51,321
2012-08-01T21:50:57,304
2012-08-01T21:51:03,302
2012-08-01T21:51:09,300
2012-08-01T21:51:16,311
2012-08-01T21:51:22,312
2012-08-01T21:51:28,317
2012-08-01T21:51:34,289
2012-08-01T21:51:40,309
2012-08-01T21:51:47,309
2012-08-01T21:51:52,312
2012-08-01T21:51:59,313
2012-08-01T21:52:05,307
2012-08-01T21:52:11,306
2012-08-01T21:52:17,313
2012-08-01T21:52:29,309
2012-08-01T21:52:35,306
2012-08-01T21:52:42,314
2012-08-01T21:52:48,313
2012-08-01T21:52:54,304
2012-08-01T21:53:00,313
2012-08-01T21:53:06,311
2012-08-01T21:53:12,307
2012-08-01T21:53:18,309
2012-08-01T21:53:24,309
2012-08-01T21:53:30,314
2012-08-01T21:53:36,200
2012-08-01T21:53:43,195
2012-08-01T21:53:49,199
2012-08-01T21:53:55,198
2012-08-01T21:54:01,195
2012-08-01T21:54:07,204
2012-08-01T21:54:13,194
2012-08-01T21:54:19,196
2012-08-01T21:54:25,197
2012-08-01T21:54:31,194
2012-08-01T21:54:37,205
2012-08-01T21:54:43,194
2012-08-01T21:54:50,202
2012-08-01T21:54:56,197
2012-08-01T21:55:02,196
2012-08-01T21:55:08,198
2012-08-01T21:55:14,196
2012-08-01T21:55:20,196
2012-08-01T21:55:26,187
2012-08-01T21:55:32,195
2012-08-01T21:55:38,195
2012-08-01T21:55:45,191
2012-08-01T21:55:51,197
2012-08-01T21:55:57,191
2012-08-01T21:56:03,191
2012-08-01T21:56:09,201
2012-08-01T21:56:21,194
2012-08-01T21:56:27,195
2012-08-01T21:56:33,191
2012-08-01T21:56:39,197
2012-08-01T21:56:45,194
2012-08-01T21:56:51,195
2012-08-01T21:57:04,194
2012-08-01T21:57:10,190
2012-08-01T21:57:16,198
2012-08-01T21:57:22,198
2012-08-01T21:57:28,195
2012-08-01T21:57:34,194
2012-08-01T21:57:46,197
2012-08-01T21:57:52,197
2012-08-01T21:57:58,197
2012-08-01T21:58:04,197
2012-08-01T21:58:10,200
2012-08-01T21:58:17,195
2012-08-01T21:58:23,199
2012-08-01T21:58:29,194
2012-08-01T21:58:35,197
2012-08-01T21:58:47,196
2012-08-01T21:58:53,198
2012-08-01T21:58:59,196
2012-08-01T21:59:05,190
2012-08-01T21:59:12,194
2012-08-01T21:59:18,199
2012-08-01T21:59:24,197
2012-08-01T21:59:30,190
2012-08-01T21:59:36,191
2012-08-01T21:59:42,200
2012-08-01T21:59:48,194
2012-08-01T21:59:54,202
2012-08-01T22:00:00,198
2012-08-01T22:00:06,197
2012-08-01T22:00:12,195
2012-08-01T22:00:19,191
2012-08-01T22:00:25,196
2012-08-01T22:00:31,197
2012-08-01T22:00:37,195
2012-08-01T22:00:43,196
2012-08-01T22:00:49,193
2012-08-01T22:00:55,190
2012-08-01T22:01:01,201
2012-08-01T22:01:07,194
2012-08-01T22:01:13,197
2012-08-01T22:01:19,198
2012-08-01T22:01:25,191
2012-08-01T22:01:31,199
2012-08-01T22:01:37,197
2012-08-01T22:01:44,193
2012-08-01T22:01:50,198
2012-08-01T22:01:56,195
2012-08-01T22:02:02,199
2012-08-01T22:02:08,191
2012-08-01T22:02:14,195
2012-08-01T22:02:20,195
2012-08-01T22:02:26,195
2012-08-01T22:02:32,202
2012-08-01T22:02:44,191
2012-08-01T22:02:50,198
2012-08-01T22:02:56,194
2012-08-01T22:03:02,200
2012-08-01T22:03:09,193
2012-08-01T22:03:15,195
2012-08-01T22:03:21,200
2012-08-01T22:03:27,193
2012-08-01T22:03:33,198
2012-08-01T22:03:39,194
2012-08-01T22:03:45,193
2012-08-01T22:03:51,204
2012-08-01T22:03:57,196
2012-08-01T22:04:03,191
2012-08-01T22:04:09,193
2012-08-01T22:04:15,195
2012-08-01T22:04:21,202
2012-08-01T22:04:28,198
2012-08-01T22:04:34,193
2012-08-01T22:04:40,191
2012-08-01T22:04:46,371
2012-08-01T22:04:52,391
2012-08-01T22:04:58,388
2012-08-01T22:05:04,381
2012-08-01T22:05:10,399
2012-08-01T22:05:16,398
2012-08-01T22:05:22,385
2012-08-01T22:05:28,375
2012-08-01T22:05:34,372
2012-08-01T22:05:40,370
2012-08-01T22:05:47,371
2012-08-01T22:05:53,368
2012-08-01T22:05:59,356
2012-08-01T22:06:05,341
2012-08-01T22:06:11,343
2012-08-01T22:06:17,340
2012-08-01T22:06:23,334
2012-08-01T22:06:29,330
2012-08-01T22:06:36,332
2012-08-01T22:06:42,329
2012-08-01T22:06:48,334
2012-08-01T22:06:54,326
2012-08-01T22:07:00,318
2012-08-01T22:07:06,315
2012-08-01T22:07:12,314
2012-08-01T22:07:19,313
2012-08-01T22:07:24,314
2012-08-01T22:07:30,314
2012-08-01T22:07:36,319
2012-08-01T22:07:43,312
2012-08-01T22:07:49,301
2012-08-01T22:07:55,306
2012-08-01T22:08:01,307
2012-08-01T22:08:07,309
2012-08-01T22:08:13,315
2012-08-01T22:08:19,393
2012-08-01T22:08:25,376
2012-08-01T22:08:38,376
2012-08-01T22:08:44,372
2012-08-01T22:08:50,310
2012-08-01T22:08:56,296
2012-08-01T22:09:02,288
2012-08-01T22:09:08,292
2012-08-01T22:09:14,393
2012-08-01T22:09:20,400
2012-08-01T22:09:26,395
2012-08-01T22:09:38,381
2012-08-01T22:09:45,390
2012-08-01T22:09:51,387
2012-08-01T22:09:57,389
2012-08-01T22:10:03,383
2012-08-01T22:10:09,387
2012-08-01T22:10:15,321
2012-08-01T22:10:21,322
2012-08-01T22:10:27,317
2012-08-01T22:10:33,323
2012-08-01T22:10:45,327
2012-08-01T22:10:51,326
2012-08-01T22:10:57,327
2012-08-01T22:11:03,327
2012-08-01T22:11:09,332
2012-08-01T22:11:15,330
2012-08-01T22:11:28,331
2012-08-01T22:11:34,336
2012-08-01T22:11:40,332
2012-08-01T22:11:46,331
2012-08-01T22:11:52,333
2012-08-01T22:11:58,332
2012-08-01T22:12:05,332
2012-08-01T22:12:11,332
2012-08-01T22:12:17,336
2012-08-01T22:12:23,[]
2012-08-01T22:12:23,324
2012-08-01T22:12:29,333
2012-08-01T22:12:33,[]
2012-08-01T22:12:35,330
2012-08-01T22:12:41,324
2012-08-01T22:12:43,[]
2012-08-01T22:12:47,330
2012-08-01T22:12:53,[]
2012-08-01T22:12:53,332
2012-08-01T22:12:59,333
2012-08-01T22:13:03,[]
2012-08-01T22:13:05,333
2012-08-01T22:13:11,325
2012-08-01T22:13:13,[]
2012-08-01T22:13:17,320
2012-08-01T22:13:23,[]
2012-08-01T22:13:23,334
2012-08-01T22:13:30,220
2012-08-01T22:13:33,[]
2012-08-01T22:13:36,222
2012-08-01T22:13:42,213
2012-08-01T22:13:43,[]
2012-08-01T22:13:48,211
2012-08-01T22:13:53,[]
2012-08-01T22:13:54,212
2012-08-01T22:14:00,210
2012-08-01T22:14:03,[]
2012-08-01T22:14:06,216
2012-08-01T22:14:12,213
2012-08-01T22:14:13,[]
2012-08-01T22:14:18,212
2012-08-01T22:14:23,[]
2012-08-01T22:14:24,216
2012-08-01T22:14:33,[]
2012-08-01T22:14:37,213
2012-08-01T22:14:42,215
2012-08-01T22:14:43,[]
2012-08-01T22:14:49,212
2012-08-01T22:14:53,[]
2012-08-01T22:14:55,212
2012-08-01T22:15:01,219
2012-08-01T22:15:03,[]
2012-08-01T22:15:07,213
2012-08-01T22:15:13,[]
2012-08-01T22:15:13,219
2012-08-01T22:15:19,220
2012-08-01T22:15:23,[]
2012-08-01T22:15:25,213
2012-08-01T22:15:32,210
2012-08-01T22:15:33,[]
2012-08-01T22:15:38,202
2012-08-01T22:15:43,[]
2012-08-01T22:15:44,217
2012-08-01T22:15:50,211
2012-08-01T22:15:53,[]
2012-08-01T22:15:56,212
2012-08-01T22:16:02,223
2012-08-01T22:16:03,[]
2012-08-01T22:16:08,213
2012-08-01T22:16:13,[]
2012-08-01T22:16:20,211
2012-08-01T22:16:23,[]
2012-08-01T22:16:26,215
2012-08-01T22:16:32,212
2012-08-01T22:16:33,[]
2012-08-01T22:16:39,213
2012-08-01T22:16:43,[]
2012-08-01T22:16:45,212
2012-08-01T22:16:50,209
2012-08-01T22:16:53,[]
2012-08-01T22:16:57,220
2012-08-01T22:17:03,213
2012-08-01T22:17:03,[]
2012-08-01T22:17:09,211
2012-08-01T22:17:13,[]
2012-08-01T22:17:15,213
2012-08-01T22:17:21,212
2012-08-01T22:17:23,[]
2012-08-01T22:17:27,210
2012-08-01T22:17:33,[]
2012-08-01T22:17:33,216
2012-08-01T22:17:39,216
2012-08-01T22:17:43,[]
2012-08-01T22:17:45,215
2012-08-01T22:17:51,211
2012-08-01T22:17:53,[]
2012-08-01T22:17:57,215
2012-08-01T22:18:03,[]
2012-08-01T22:18:03,212
2012-08-01T22:18:10,210
2012-08-01T22:18:13,[]
2012-08-01T22:18:16,212
2012-08-01T22:18:22,211
2012-08-01T22:18:23,[]
2012-08-01T22:18:28,210
2012-08-01T22:18:33,[]
2012-08-01T22:18:33,223
2012-08-01T22:18:39,212
2012-08-01T22:18:43,[]
2012-08-01T22:18:46,211
2012-08-01T22:18:52,213
2012-08-01T22:18:53,[]
2012-08-01T22:18:58,208
2012-08-01T22:19:03,[]
2012-08-01T22:19:04,213
2012-08-01T22:19:10,137
2012-08-01T22:19:13,[]
2012-08-01T22:19:16,137
2012-08-01T22:19:22,138
2012-08-01T22:19:23,[]
2012-08-01T22:19:28,137
2012-08-01T22:19:33,[]
2012-08-01T22:19:35,137
2012-08-01T22:19:41,136
2012-08-01T22:19:43,[]
2012-08-01T22:19:47,135
2012-08-01T22:19:53,137
2012-08-01T22:19:53,[]
2012-08-01T22:19:59,137
2012-08-01T22:20:03,[]
2012-08-01T22:20:05,136
2012-08-01T22:20:11,136
2012-08-01T22:20:13,[]
2012-08-01T22:20:17,137
2012-08-01T22:20:23,[]
2012-08-01T22:20:23,138
2012-08-01T22:20:29,140
2012-08-01T22:20:33,[]
2012-08-01T22:20:35,136
2012-08-01T22:20:41,136
2012-08-01T22:20:43,[]
2012-08-01T22:20:47,136
2012-08-01T22:20:53,[]
2012-08-01T22:20:53,138
2012-08-01T22:20:59,140
2012-08-01T22:21:03,[]
2012-08-01T22:21:05,137
2012-08-01T22:21:12,136
2012-08-01T22:21:13,[]
2012-08-01T22:21:18,140
2012-08-01T22:21:23,[]
2012-08-01T22:21:23,139
2012-08-01T22:21:29,140
2012-08-01T22:21:33,[]
2012-08-01T22:21:36,136
2012-08-01T22:21:42,133
2012-08-01T22:21:43,[]
2012-08-01T22:21:47,139
2012-08-01T22:21:53,[]
2012-08-01T22:21:53,139
2012-08-01T22:22:00,138
2012-08-01T22:22:03,[]
2012-08-01T22:22:06,142
2012-08-01T22:22:11,136
2012-08-01T22:22:13,[]
2012-08-01T22:22:18,134
2012-08-01T22:22:23,[]
2012-08-01T22:22:24,145
2012-08-01T22:22:30,145
2012-08-01T22:22:33,[]
2012-08-01T22:22:36,147
2012-08-01T22:22:42,146
2012-08-01T22:22:43,[]
2012-08-01T22:22:48,146
2012-08-01T22:22:53,[]
2012-08-01T22:22:54,145
2012-08-01T22:23:00,148
2012-08-01T22:23:03,[]
2012-08-01T22:23:06,147
2012-08-01T22:23:12,145
2012-08-01T22:23:13,[]
2012-08-01T22:23:18,145
2012-08-01T22:23:23,[]
2012-08-01T22:23:24,146
2012-08-01T22:23:31,152
2012-08-01T22:23:33,[]
2012-08-01T22:23:36,153
2012-08-01T22:23:43,153
2012-08-01T22:23:43,[]
2012-08-01T22:23:49,153
2012-08-01T22:23:53,[]
2012-08-01T22:23:55,147
2012-08-01T22:24:00,151
2012-08-01T22:24:03,[]
2012-08-01T22:24:06,306
2012-08-01T22:24:13,303
2012-08-01T22:24:13,[]
2012-08-01T22:24:19,310
2012-08-01T22:24:23,[]
2012-08-01T22:24:25,309
2012-08-01T22:24:31,317
2012-08-01T22:24:33,[]
2012-08-01T22:24:37,309
2012-08-01T22:24:43,[]
2012-08-01T22:24:43,311
2012-08-01T22:24:49,307
2012-08-01T22:24:53,[]
2012-08-01T22:24:56,304
2012-08-01T22:25:02,297
2012-08-01T22:25:03,[]
2012-08-01T22:25:08,387
2012-08-01T22:25:13,[]
2012-08-01T22:25:14,360
2012-08-01T22:25:20,352
2012-08-01T22:25:23,[]
2012-08-01T22:25:26,349
2012-08-01T22:25:32,344
2012-08-01T22:25:33,[]
2012-08-01T22:25:38,267
2012-08-01T22:25:43,[]
2012-08-01T22:25:44,263
2012-08-01T22:25:50,264
2012-08-01T22:25:53,[]
2012-08-01T22:25:56,258
2012-08-01T22:26:02,253
2012-08-01T22:26:03,[]
2012-08-01T22:26:08,247
2012-08-01T22:26:13,[]
2012-08-01T22:26:14,246
2012-08-01T22:26:21,244
2012-08-01T22:26:23,[]
2012-08-01T22:26:27,252
2012-08-01T22:26:33,[]
2012-08-01T22:26:33,244
2012-08-01T22:26:39,246
2012-08-01T22:26:43,[]
2012-08-01T22:26:45,244
2012-08-01T22:26:51,239
2012-08-01T22:26:53,[]
2012-08-01T22:26:57,240
2012-08-01T22:27:03,[]
2012-08-01T22:27:03,249
2012-08-01T22:27:09,236
2012-08-01T22:27:13,[]
2012-08-01T22:27:15,246
2012-08-01T22:27:23,[]
2012-08-01T22:27:27,238
2012-08-01T22:27:33,[]
2012-08-01T22:27:34,236
2012-08-01T22:27:40,236
2012-08-01T22:27:43,[]
2012-08-01T22:27:46,332
2012-08-01T22:27:51,344
2012-08-01T22:27:53,[]
2012-08-01T22:27:58,332
2012-08-01T22:28:03,[]
2012-08-01T22:28:10,322
2012-08-01T22:28:13,[]
2012-08-01T22:28:16,304
2012-08-01T22:28:22,297
2012-08-01T22:28:23,[]
2012-08-01T22:28:28,304
2012-08-01T22:28:33,[]
2012-08-01T22:28:34,253
2012-08-01T22:28:40,241
2012-08-01T22:28:43,[]
2012-08-01T22:28:52,235
2012-08-01T22:28:53,[]
2012-08-01T22:28:59,234
2012-08-01T22:29:03,[]
2012-08-01T22:29:05,235
2012-08-01T22:29:11,238
2012-08-01T22:29:13,[]
2012-08-01T22:29:17,233
2012-08-01T22:29:23,[]
2012-08-01T22:29:33,[]
2012-08-01T22:29:35,307
2012-08-01T22:29:41,311
2012-08-01T22:29:43,[]
2012-08-01T22:29:47,323
2012-08-01T22:29:53,[]
2012-08-01T22:29:54,337
2012-08-01T22:30:00,325
2012-08-01T22:30:03,[]
2012-08-01T22:30:06,319
2012-08-01T22:30:12,315
2012-08-01T22:30:13,[]
2012-08-01T22:30:18,302
2012-08-01T22:30:23,[]
2012-08-01T22:30:24,300
2012-08-01T22:30:30,307
2012-08-01T22:30:33,[]
2012-08-01T22:30:36,303
2012-08-01T22:30:42,307
2012-08-01T22:30:43,[]
2012-08-01T22:30:48,306
2012-08-01T22:30:55,307
2012-08-01T22:31:01,306
2012-08-01T22:31:07,301
2012-08-01T22:31:19,297
2012-08-01T22:31:25,299
2012-08-01T22:31:31,301
2012-08-01T22:31:37,299
2012-08-01T22:31:43,307
2012-08-01T22:31:49,303
2012-08-01T22:31:56,238
2012-08-01T22:32:02,234
2012-08-01T22:32:08,323
2012-08-01T22:32:14,313
2012-08-01T22:32:20,319
2012-08-01T22:32:26,318
2012-08-01T22:32:33,320
2012-08-01T22:32:38,193
2012-08-01T22:32:45,191
2012-08-01T22:32:51,193
2012-08-01T22:32:57,189
2012-08-01T22:33:03,147
2012-08-01T22:33:09,149
2012-08-01T22:33:21,148
2012-08-01T22:33:27,148
2012-08-01T22:33:34,147
2012-08-01T22:33:40,150
2012-08-01T22:33:46,150
2012-08-01T22:33:52,132
2012-08-01T22:33:58,145
2012-08-01T22:34:04,145
2012-08-01T22:34:10,145
2012-08-01T22:34:16,146
2012-08-01T22:34:22,151
2012-08-01T22:34:28,145
2012-08-01T22:34:35,147
2012-08-01T22:34:41,143
2012-08-01T22:34:47,147
2012-08-01T22:34:53,148
2012-08-01T22:34:59,145
2012-08-01T22:35:05,144
2012-08-01T22:35:11,147
2012-08-01T22:35:17,152
2012-08-01T22:35:23,146
2012-08-01T22:35:29,145
2012-08-01T22:35:35,150
2012-08-01T22:35:41,144
2012-08-01T22:35:47,145
2012-08-01T22:35:53,142
2012-08-01T22:35:59,133
2012-08-01T22:36:06,131
2012-08-01T22:36:11,124
2012-08-01T22:36:17,123
2012-08-01T22:36:23,123
2012-08-01T22:36:29,124
2012-08-01T22:36:36,126
2012-08-01T22:36:42,124
2012-08-01T22:36:48,104
2012-08-01T22:36:54,104
2012-08-01T22:37:00,104
2012-08-01T22:37:06,104
2012-08-01T22:37:12,104
2012-08-01T22:37:18,105
2012-08-01T22:37:25,104
2012-08-01T22:37:31,103
2012-08-01T22:37:37,104
2012-08-01T22:37:43,104
2012-08-01T22:37:55,103
2012-08-01T22:38:01,104
2012-08-01T22:38:08,102
2012-08-01T22:38:13,104
2012-08-01T22:38:20,103
2012-08-01T22:38:26,104
2012-08-01T22:38:32,104
2012-08-01T22:38:38,101
2012-08-01T22:38:44,104
2012-08-01T22:38:56,101
2012-08-01T22:39:02,104
2012-08-01T22:39:09,103
2012-08-01T22:39:15,102
2012-08-01T22:39:21,103
2012-08-01T22:39:27,103
2012-08-01T22:39:39,102
2012-08-01T22:39:45,104
2012-08-01T22:39:57,102
2012-08-01T22:40:03,102
2012-08-01T22:40:10,102
2012-08-01T22:40:15,103
2012-08-01T22:40:21,103
2012-08-01T22:40:28,102
2012-08-01T22:40:40,102
2012-08-01T22:40:46,105
2012-08-01T22:40:52,173
2012-08-01T22:40:58,173
2012-08-01T22:41:04,173
2012-08-01T22:41:10,173
2012-08-01T22:41:16,173
2012-08-01T22:41:22,173
2012-08-01T22:41:29,174
2012-08-01T22:41:35,173
2012-08-01T22:41:41,173
2012-08-01T22:41:47,172
2012-08-01T22:41:53,182
2012-08-01T22:41:59,184
2012-08-01T22:42:05,182
2012-08-01T22:42:12,182
2012-08-01T22:42:18,184
2012-08-01T22:42:24,184
2012-08-01T22:42:30,183
2012-08-01T22:42:36,183
2012-08-01T22:42:42,183
2012-08-01T22:42:48,183
2012-08-01T22:42:54,183
2012-08-01T22:43:00,183
2012-08-01T22:43:06,183
2012-08-01T22:43:12,183
2012-08-01T22:43:18,183
2012-08-01T22:43:24,182
2012-08-01T22:43:31,183
2012-08-01T22:43:37,367
2012-08-01T22:43:43,378
2012-08-01T22:43:49,374
2012-08-01T22:43:55,389
2012-08-01T22:44:01,377
2012-08-01T22:44:07,386
2012-08-01T22:44:13,374
2012-08-01T22:44:19,377
2012-08-01T22:44:25,370
2012-08-01T22:44:31,366
2012-08-01T22:44:37,359
2012-08-01T22:44:43,357
2012-08-01T22:44:49,352
2012-08-01T22:44:55,345
2012-08-01T22:45:01,336
2012-08-01T22:45:07,333
2012-08-01T22:45:13,333
2012-08-01T22:45:19,377
2012-08-01T22:45:25,375
2012-08-01T22:45:31,375
2012-08-01T22:45:37,372
2012-08-01T22:45:43,372
2012-08-01T22:45:49,314
2012-08-01T22:45:55,313
2012-08-01T22:46:01,311
2012-08-01T22:46:07,308
2012-08-01T22:46:13,394
2012-08-01T22:46:25,398
2012-08-01T22:46:32,394
2012-08-01T22:46:38,400
2012-08-01T22:46:44,385
2012-08-01T22:46:50,372
2012-08-01T22:46:56,367
2012-08-01T22:47:02,304
2012-08-01T22:47:08,302
2012-08-01T22:47:14,306
2012-08-01T22:47:20,289
2012-08-01T22:47:26,310
2012-08-01T22:47:33,301
2012-08-01T22:47:39,290
2012-08-01T22:47:45,287
2012-08-01T22:47:51,292
2012-08-01T22:47:57,288
2012-08-01T22:48:03,287
2012-08-01T22:48:09,289
2012-08-01T22:48:15,286
2012-08-01T22:48:21,292
2012-08-01T22:48:33,289
2012-08-01T22:48:39,289
2012-08-01T22:48:45,286
2012-08-01T22:48:51,291
2012-08-01T22:48:57,288
2012-08-01T22:49:03,286
2012-08-01T22:49:09,289
2012-08-01T22:49:15,289
2012-08-01T22:49:21,288
2012-08-01T22:49:27,290
2012-08-01T22:49:33,289
2012-08-01T22:49:39,285
2012-08-01T22:49:46,290
2012-08-01T22:49:52,289
2012-08-01T22:49:58,291
2012-08-01T22:50:04,288
2012-08-01T22:50:10,291
2012-08-01T22:50:22,292
2012-08-01T22:50:28,287
2012-08-01T22:50:34,759
2012-08-01T22:50:41,1845
2012-08-01T22:50:47,1877
2012-08-01T22:50:54,1831
2012-08-01T22:51:00,1838
2012-08-01T22:51:07,1827
2012-08-01T22:51:13,1831
2012-08-01T22:51:26,1832
2012-08-01T22:51:33,1874
2012-08-01T22:51:39,1854
2012-08-01T22:51:46,1837
2012-08-01T22:51:52,1834
2012-08-01T22:51:59,1826
2012-08-01T22:52:05,1816
2012-08-01T22:52:18,1835
2012-08-01T22:52:25,1819
2012-08-01T22:52:31,1828
2012-08-01T22:52:37,314
2012-08-01T22:52:43,317
2012-08-01T22:52:49,193
2012-08-01T22:52:55,176
2012-08-01T22:53:01,170
2012-08-01T22:53:07,190
2012-08-01T22:53:13,186
2012-08-01T22:53:19,187
2012-08-01T22:53:26,188
2012-08-01T22:53:32,189
2012-08-01T22:53:38,187
2012-08-01T22:53:50,185
2012-08-01T22:53:56,186
2012-08-01T22:54:02,184
2012-08-01T22:54:14,189
2012-08-01T22:54:20,189
2012-08-01T22:54:32,169
2012-08-01T22:54:38,172
2012-08-01T22:54:44,172
2012-08-01T22:54:56,171
2012-08-01T22:55:02,170
2012-08-01T22:55:08,102
2012-08-01T22:55:14,103
2012-08-01T22:55:20,103
2012-08-01T22:55:26,110
2012-08-01T22:55:32,103
2012-08-01T22:55:38,103
2012-08-01T22:55:45,102
2012-08-01T22:55:51,102
2012-08-01T22:55:57,102
2012-08-01T22:56:03,103
2012-08-01T22:56:09,113
2012-08-01T22:56:21,123
2012-08-01T22:56:27,124
2012-08-01T22:56:33,125
2012-08-01T22:56:39,124
2012-08-01T22:56:46,126
2012-08-01T22:56:52,125
2012-08-01T22:56:58,126
2012-08-01T22:57:04,126
2012-08-01T22:57:10,126
2012-08-01T22:57:16,125
2012-08-01T22:57:22,125
2012-08-01T22:57:28,125
2012-08-01T22:57:34,125
2012-08-01T22:57:41,113
2012-08-01T22:57:47,113
2012-08-01T22:57:52,113
2012-08-01T22:57:58,113
2012-08-01T22:58:04,113
2012-08-01T22:58:11,113
2012-08-01T22:58:17,113
2012-08-01T22:58:23,113
2012-08-01T22:58:29,118
2012-08-01T22:58:35,112
2012-08-01T22:58:41,113
2012-08-01T22:58:47,113
2012-08-01T22:58:53,113
2012-08-01T22:58:59,112
2012-08-01T22:59:05,113
2012-08-01T22:59:11,112
2012-08-01T22:59:17,113
2012-08-01T22:59:30,115
2012-08-01T22:59:36,115
2012-08-01T22:59:42,113
2012-08-01T22:59:48,114
2012-08-01T22:59:54,113
2012-08-01T23:00:00,112
2012-08-01T23:00:12,111
2012-08-01T23:00:18,112
2012-08-01T23:00:24,113
2012-08-01T23:00:30,112
2012-08-01T23:00:37,112
2012-08-01T23:00:43,112
2012-08-01T23:00:49,112
2012-08-01T23:00:55,113
2012-08-01T23:01:01,113
2012-08-01T23:01:13,111
2012-08-01T23:01:19,112
2012-08-01T23:01:25,112
2012-08-01T23:01:32,111
2012-08-01T23:01:38,112
2012-08-01T23:01:43,112
2012-08-01T23:01:56,112
2012-08-01T23:02:02,112
2012-08-01T23:02:08,112
2012-08-01T23:02:14,113
2012-08-01T23:02:20,111
2012-08-01T23:02:26,307
2012-08-01T23:02:32,261
2012-08-01T23:02:39,259
2012-08-01T23:02:44,259
2012-08-01T23:02:51,278
2012-08-01T23:02:57,262
2012-08-01T23:03:03,268
2012-08-01T23:03:08,265
2012-08-01T23:03:14,264
2012-08-01T23:03:21,262
2012-08-01T23:03:26,257
2012-08-01T23:03:33,251
2012-08-01T23:03:45,240
2012-08-01T23:03:51,232
2012-08-01T23:03:57,228
2012-08-01T23:04:03,220
2012-08-01T23:04:09,222
2012-08-01T23:04:15,215
2012-08-01T23:04:22,213
2012-08-01T23:04:28,212
2012-08-01T23:04:34,212
2012-08-01T23:04:40,207
2012-08-01T23:04:46,206
2012-08-01T23:04:52,202
2012-08-01T23:04:58,202
2012-08-01T23:05:04,202
2012-08-01T23:05:10,199
2012-08-01T23:05:16,201
2012-08-01T23:05:22,197
2012-08-01T23:05:29,199
2012-08-01T23:05:35,196
2012-08-01T23:05:41,199
2012-08-01T23:05:47,194
2012-08-01T23:05:53,213
2012-08-01T23:05:59,210
2012-08-01T23:06:05,211
2012-08-01T23:06:11,220
2012-08-01T23:06:17,255
2012-08-01T23:06:23,259
2012-08-01T23:06:30,257
2012-08-01T23:06:35,264
2012-08-01T23:06:42,263
2012-08-01T23:06:48,275
2012-08-01T23:06:54,273
2012-08-01T23:07:00,272
2012-08-01T23:07:12,270
2012-08-01T23:07:18,274
2012-08-01T23:07:24,259
2012-08-01T23:07:30,266
2012-08-01T23:07:36,263
2012-08-01T23:07:42,258
2012-08-01T23:07:48,263
2012-08-01T23:07:55,261
2012-08-01T23:08:00,264
2012-08-01T23:08:06,268
